timestamp,asset,midprice,spread,volatility,regime,orderflow_imbalance,bid_size_0,bid_size_1,bid_size_2,bid_size_3,bid_size_4,ask_size_0,ask_size_1,ask_size_2,ask_size_3,ask_size_4
0,ASSET_A,100.2228,0.0207,0.0207,normal,0.2775,75.2174,68.3246,34.2283,163.8598,5.5282,149.3936,85.11,93.1457,62.1735,96.14
1,ASSET_E,107.2076,0.0259,0.0424,normal,-0.6219,200.4253,156.5299,149.2071,96.8483,74.371,240.1775,145.937,67.6444,23.1111,118.5539
2,ASSET_A,100.4413,0.0458,0.0433,normal,-0.8342,100.233,20.3639,98.8016,172.6563,108.7808,91.4331,90.3856,221.7491,1.02,102.4123
3,ASSET_A,99.9934,0.0319,0.0418,normal,-0.7609,65.1367,14.2338,81.8377,138.0432,150.026,244.5541,193.3603,62.3542,202.5144,108.4129
4,ASSET_B,102.4188,0.0125,0.0421,normal,0.8765,69.8674,183.0124,150.0547,105.1158,103.4587,100.0283,73.3629,68.1987,101.466,65.0677
5,ASSET_A,100.5408,0.0403,0.0482,normal,0.2195,56.0244,126.4075,113.4788,335.3829,34.294,98.2344,12.9613,247.9935,68.276,260.8672
6,ASSET_A,99.2918,0.0344,0.0459,normal,-0.1216,150.0989,71.4966,68.7175,81.9655,114.6787,55.5578,65.0982,18.6231,29.4585,141.8201
7,ASSET_E,108.0137,0.0564,0.0238,stress,0.4115,119.056,67.6903,32.2295,99.1854,108.4595,110.1882,73.5049,125.677,100.9552,126.8003
8,ASSET_A,100.1611,0.0375,0.0228,normal,-0.0136,39.7087,83.9812,99.2659,17.5096,196.9491,58.3742,87.5567,57.8514,117.6736,86.1923
9,ASSET_B,102.1411,0.0978,0.0472,stress,0.0211,52.1309,79.8256,81.4783,13.4267,52.4655,275.8522,58.391,65.5428,187.7941,92.4148
10,ASSET_D,106.4508,0.0131,0.0256,normal,-0.1396,59.0968,31.9995,70.4619,88.0329,72.2383,17.649,148.3495,76.1727,217.938,27.8
11,ASSET_B,101.5757,0.0161,0.0365,normal,0.693,91.4413,149.8653,85.243,65.9864,212.5887,32.5345,211.2039,199.2207,83.1697,73.1346
12,ASSET_A,100.3168,0.0376,0.0341,normal,0.8018,193.8415,24.3901,129.47,28.952,186.0308,137.6384,45.7816,206.2862,334.9987,176.9158
13,ASSET_B,102.0081,0.014,0.0412,normal,0.6746,56.3872,53.8245,81.1922,104.5892,31.5455,222.0352,195.8224,86.9021,26.9535,28.2903
14,ASSET_C,103.6092,0.0462,0.0477,normal,0.7604,82.4501,25.1455,83.2545,77.2646,117.383,19.0502,169.7399,63.2447,147.3468,148.7912
15,ASSET_B,102.186,0.0269,0.0271,normal,-0.8028,293.8404,37.3909,112.252,20.988,43.2644,237.3767,108.3823,108.4161,13.767,37.7598
16,ASSET_A,99.7064,0.0453,0.0435,normal,0.2012,42.0644,37.1055,34.3773,121.5558,83.1558,81.2361,106.9693,112.2162,127.5719,193.866
17,ASSET_D,105.7062,0.0419,0.0464,normal,0.873,112.6056,60.6828,74.1792,253.4235,27.549,191.1305,365.666,132.03,76.0633,154.3743
18,ASSET_E,107.6218,0.0837,0.0402,stress,0.5428,127.823,211.5182,142.4519,152.9372,28.5038,18.8712,203.416,16.0883,142.6161,79.0166
19,ASSET_B,102.0042,0.0409,0.0303,normal,0.4007,96.7962,93.4278,86.7512,186.5747,78.4281,84.8582,25.9701,91.9755,169.4427,64.7684
20,ASSET_E,107.876,0.0335,0.029,normal,-0.2489,42.4247,45.294,93.0601,8.6623,152.1536,33.1205,126.3599,79.0696,49.596,23.1021
21,ASSET_B,102.1268,0.0247,0.0203,normal,-0.5908,43.2971,83.4417,414.3819,86.346,471.4416,77.7241,178.4096,21.0655,31.8422,100.0202
22,ASSET_C,103.8339,0.0228,0.0226,normal,-0.678,93.4952,66.4705,114.4326,91.913,94.6109,172.3507,143.4353,129.6625,116.6321,33.2534
23,ASSET_D,106.0559,0.0344,0.0416,normal,0.5358,128.6529,40.8459,76.4137,92.3921,34.1969,162.922,82.2047,56.0206,122.8212,295.5811
24,ASSET_E,107.6113,0.0409,0.0279,normal,0.4511,65.7106,16.2709,40.8107,40.3674,105.7484,50.9214,62.4722,33.0023,79.0931,97.1516
25,ASSET_B,101.4048,0.0192,0.0466,normal,0.9903,185.1461,101.3415,122.6643,44.485,50.1654,31.4284,172.023,149.9096,138.6039,132.7964
26,ASSET_A,100.0209,0.0219,0.0416,normal,-0.2545,45.6143,146.7253,81.0582,97.3282,65.264,110.8636,89.245,55.5003,233.029,98.8655
27,ASSET_A,100.1098,0.047,0.0192,normal,0.9445,53.7663,169.4344,89.1038,41.4036,152.5799,89.7097,206.2969,181.1881,74.9362,118.5175
28,ASSET_D,105.9354,0.0361,0.0314,normal,-0.8874,94.3369,49.7071,68.8681,129.9547,3.9784,89.9228,50.9843,42.0419,32.5658,209.9402
29,ASSET_E,107.7981,0.0755,0.0268,stress,-0.7375,65.5838,50.132,26.7167,198.0996,95.7804,51.2667,84.5871,98.6978,133.0448,211.3763
30,ASSET_B,101.7723,0.0126,0.0189,normal,-0.846,109.0712,138.7482,223.1545,142.5495,47.1079,148.0618,43.9362,57.9078,34.5505,64.8426
31,ASSET_C,103.9713,0.0285,0.0354,stress,0.167,86.6002,189.3657,193.2409,142.2842,175.3695,145.0629,44.2531,81.4241,134.5324,66.5396
32,ASSET_C,103.6416,0.0304,0.0464,normal,-0.6799,105.7597,35.7787,18.1536,154.6477,143.1717,130.8293,86.0705,103.2302,182.241,49.2916
33,ASSET_A,100.3648,0.0182,0.0445,normal,-0.954,77.5485,63.1712,65.9706,174.6269,15.3341,139.1178,20.9784,27.2905,43.3568,43.2497
34,ASSET_A,99.825,0.0321,0.0303,normal,-0.769,99.4917,30.7779,21.1581,269.0075,22.9102,121.7523,113.8066,52.2568,62.3993,401.5646
35,ASSET_E,107.2312,0.0125,0.0467,normal,0.924,182.0542,202.2814,143.5136,52.2538,392.2004,46.43,15.6539,19.3925,105.5466,112.1295
36,ASSET_B,102.1612,0.0452,0.0152,normal,0.8819,139.7633,54.6265,26.2874,23.879,177.044,67.9407,150.1166,107.9872,65.6144,140.3827
37,ASSET_B,102.3171,0.0359,0.0179,normal,-0.3243,63.7896,78.2039,62.9164,58.1496,123.8136,155.758,150.9564,57.0009,25.3877,258.9252
38,ASSET_C,104.8588,0.0132,0.0471,normal,-0.3756,188.4298,77.8664,91.5231,90.5256,63.6137,79.8374,82.6077,88.8289,59.6263,86.1565
39,ASSET_A,99.596,0.0488,0.039,normal,0.956,15.9285,83.6489,149.3108,21.2991,112.8403,41.3527,277.1958,106.3563,160.3744,27.0303
40,ASSET_E,107.7546,0.0507,0.0203,stress,-0.5936,119.4463,40.578,211.9669,79.592,129.442,58.4307,30.2772,121.8543,316.1304,73.7454
41,ASSET_D,105.38,0.0114,0.0482,normal,-0.8363,273.4234,368.6234,48.4474,31.7264,74.7483,106.0224,277.9948,54.3198,146.2494,114.7531
42,ASSET_C,103.5602,0.0428,0.0367,normal,0.9954,117.2377,76.8449,205.1029,72.2814,19.0972,4.8696,40.6376,147.7917,55.6315,108.6874
43,ASSET_E,107.8018,0.0256,0.0116,normal,0.844,144.273,71.2779,54.6231,47.7332,356.9738,157.7364,17.0689,56.7113,43.3614,81.0895
44,ASSET_D,105.9076,0.0235,0.0347,normal,0.1226,95.6796,72.7509,65.2817,72.4757,151.6982,41.3802,53.7488,67.2806,147.3289,166.6194
45,ASSET_E,107.9936,0.075,0.019,stress,0.2615,196.9412,180.4607,193.2507,19.6527,28.3531,35.0857,22.191,32.3783,71.2495,135.2777
46,ASSET_B,101.8677,0.0486,0.0242,normal,-0.8703,165.9635,40.705,51.2209,105.4647,559.8569,15.0232,75.5918,17.7442,50.8783,233.6355
47,ASSET_E,107.8742,0.0346,0.0127,normal,-0.7347,70.0701,190.9526,105.7736,39.4097,200.3881,46.4177,233.7082,126.6517,207.3866,96.3876
48,ASSET_D,105.5581,0.034,0.0398,normal,-0.4351,75.4639,70.6517,190.7812,75.7044,104.495,64.2047,116.4574,68.8355,82.1056,74.595
49,ASSET_C,104.2629,0.0456,0.0466,normal,0.6941,119.9466,74.8655,51.0252,68.4194,84.3996,192.6803,103.9018,34.1743,116.9624,43.6062
50,ASSET_D,106.0742,0.0134,0.0224,normal,-0.4563,206.4976,246.6472,17.9682,132.7924,18.908,33.1279,142.7141,229.842,156.2585,68.6677
51,ASSET_C,103.886,0.035,0.0242,normal,0.7657,55.8975,208.5548,45.0615,83.2066,74.8192,40.1484,43.2936,88.9985,135.6481,53.7571
52,ASSET_E,107.9409,0.0485,0.0197,normal,0.5098,140.5003,32.5497,90.0683,127.0365,33.3541,77.9986,130.2645,263.6636,94.4711,161.1692
53,ASSET_D,105.8551,0.0124,0.0247,normal,-0.6704,9.8383,14.7056,126.1044,157.287,64.0364,54.7204,32.7208,10.8168,185.8475,103.0168
54,ASSET_D,106.1563,0.0383,0.0336,normal,0.6928,74.0454,323.6124,111.0139,297.1068,188.6604,38.2096,180.6122,154.8306,27.6835,94.8035
55,ASSET_A,99.7705,0.0141,0.0219,normal,-0.9651,131.6827,196.7074,71.4315,80.8595,15.8106,82.2175,133.744,38.8175,45.4835,25.004
56,ASSET_A,99.6627,0.0352,0.0289,normal,0.4383,141.063,66.1209,59.8929,80.9891,55.295,73.9994,56.986,25.4805,27.8289,24.2083
57,ASSET_B,101.6589,0.0129,0.0492,normal,-0.9881,79.707,75.6285,321.7158,182.0649,84.3199,172.2383,23.3031,59.8539,87.0096,104.5533
58,ASSET_E,107.6958,0.0422,0.0343,normal,-0.9894,22.5708,158.9176,45.3076,36.1204,19.2068,190.1524,136.9097,300.4913,40.6167,67.8369
59,ASSET_A,99.9345,0.0299,0.0177,normal,0.9646,150.2133,188.1542,86.1531,259.0659,58.6827,159.5207,59.2295,68.1262,98.4407,54.4934
60,ASSET_A,99.9723,0.0451,0.0257,normal,0.5195,213.4771,38.7182,76.818,108.1826,68.3029,68.2023,49.0291,227.5652,118.6032,125.0406
61,ASSET_B,102.15,0.0391,0.0192,normal,-0.7794,227.1196,172.2808,34.9398,110.8784,66.1708,164.7375,136.2857,99.3,57.5483,35.7304
62,ASSET_D,106.069,0.064,0.0381,stress,0.509,52.3431,139.4687,128.9428,120.1145,361.5953,137.0967,84.181,37.4287,61.1095,150.6151
63,ASSET_D,105.7652,0.0499,0.0384,normal,0.7248,154.6307,93.9251,25.6229,148.2768,129.4567,72.1004,109.3475,229.9226,34.9173,294.8263
64,ASSET_C,103.7644,0.0484,0.0152,stress,0.5787,103.9827,76.0263,116.8302,84.8301,97.558,154.6862,141.2347,192.0198,123.808,138.5218
65,ASSET_C,103.8008,0.0446,0.0193,normal,0.9402,91.918,27.2025,66.9779,114.8739,227.9455,316.3809,45.6157,66.1672,166.35,59.6757
66,ASSET_A,99.9798,0.0806,0.0343,stress,-0.8036,48.9395,95.6664,27.6193,73.6051,29.6198,53.4484,37.7562,216.5463,167.3106,31.6858
67,ASSET_C,104.1433,0.0305,0.0228,stress,-0.5533,150.5786,84.9402,87.5823,110.7624,91.8939,79.8647,101.2915,123.6168,116.0022,144.5223
68,ASSET_B,101.9933,0.0335,0.0265,normal,-0.3104,27.3351,134.6907,27.1229,98.2745,82.7154,23.6308,38.2161,111.047,113.642,79.96
69,ASSET_C,103.9213,0.0279,0.0396,stress,0.9874,100.5984,110.9449,60.8597,78.4585,419.4707,46.7697,61.3208,143.8356,142.755,105.7703
70,ASSET_B,102.2086,0.0465,0.0308,normal,-0.1926,186.999,151.7156,98.8997,35.1747,117.2526,152.5344,26.4738,264.8728,57.6416,194.639
71,ASSET_B,102.035,0.0305,0.0161,normal,0.3074,97.5281,64.4171,50.4108,71.5199,55.9429,107.8384,50.5446,133.3,88.6377,244.4138
72,ASSET_A,99.8266,0.0426,0.0106,normal,-0.8513,89.5508,110.4029,134.8036,17.3886,169.6276,17.6889,35.036,32.5532,86.5487,63.2623
73,ASSET_A,99.9976,0.0452,0.0372,normal,0.1142,39.8712,12.7889,72.2211,48.8621,27.6972,30.1324,87.3429,39.0847,37.4842,75.8091
74,ASSET_B,102.1156,0.0387,0.0423,normal,0.8328,32.7344,150.2467,110.9168,60.4197,38.615,113.5507,58.1191,109.0057,21.6258,120.6252
75,ASSET_D,105.9742,0.0147,0.038,normal,0.444,58.2625,268.0372,335.0114,99.0243,9.303,239.4906,144.3575,75.3998,314.0904,37.4113
76,ASSET_C,103.854,0.0257,0.0234,normal,-0.2487,176.8232,8.4662,78.9492,39.2143,19.6781,184.3711,9.0885,79.4144,204.7087,163.4405
77,ASSET_E,107.1063,0.0103,0.0445,normal,-0.5019,76.9529,55.9284,120.9428,124.0925,45.5729,139.2573,65.2592,96.791,26.9794,219.8119
78,ASSET_A,99.7294,0.089,0.0454,stress,0.3413,230.8111,149.5881,43.5847,112.4797,20.4966,36.6252,95.6214,91.0785,110.627,167.6088
79,ASSET_B,101.7303,0.0394,0.0318,normal,0.6582,106.0611,260.959,67.3994,180.9743,99.4828,41.3767,217.0244,56.3044,80.7551,207.258
80,ASSET_C,104.0672,0.0603,0.0158,stress,-0.3797,26.146,39.4809,88.7141,203.914,20.1469,88.2026,43.9578,54.2452,356.4204,114.4798
81,ASSET_B,102.2216,0.034,0.0462,normal,0.2984,88.7553,173.8025,109.7822,92.2072,140.7757,80.3278,50.7484,64.0066,105.6427,246.8317
82,ASSET_D,105.9102,0.0541,0.0167,stress,0.2411,310.6798,31.7145,78.5104,126.4953,188.2736,16.1146,112.5845,9.1558,107.5483,49.3466
83,ASSET_C,103.8748,0.0326,0.0347,normal,0.356,120.2523,163.5996,2.9561,123.2099,43.135,67.8751,112.2546,48.17,53.3992,122.2512
84,ASSET_B,101.9945,0.0395,0.0158,normal,0.8276,76.3443,68.6026,41.2347,74.7701,95.2519,479.0337,131.4719,8.1554,128.7615,8.883
85,ASSET_B,101.9574,0.0421,0.0109,normal,0.5413,15.2182,45.4254,151.0218,45.7404,107.1064,113.4901,340.7513,154.1152,118.5545,193.1952
86,ASSET_D,105.8502,0.0349,0.0185,normal,-0.5352,45.0968,11.891,54.2606,114.6672,136.2223,224.6561,152.8478,28.8969,59.9364,43.6519
87,ASSET_B,102.5314,0.0139,0.0495,normal,0.894,109.1665,94.121,101.203,8.2772,175.7484,29.0345,119.7763,75.2978,9.98,55.0336
88,ASSET_E,107.9526,0.0299,0.0149,stress,-0.388,112.3895,57.7274,99.2849,349.3652,28.1832,189.4741,89.3401,30.8022,38.1613,88.5223
89,ASSET_E,107.7251,0.0211,0.0233,normal,0.9807,163.9067,34.0408,39.8193,74.4502,186.7168,120.3688,109.3212,177.7616,156.805,124.5992
90,ASSET_B,101.2753,0.0491,0.0398,stress,0.5728,107.4601,154.3207,73.8587,186.7414,90.9011,74.7693,85.5646,168.1845,132.5266,171.1632
91,ASSET_A,99.4786,0.0437,0.0321,normal,-0.9505,224.7229,232.7092,108.9868,64.6799,160.2034,94.3886,98.0371,77.1821,156.1541,79.2772
92,ASSET_E,108.0239,0.0407,0.0474,normal,-0.1887,77.1291,167.8755,109.8528,19.0324,50.9741,87.2577,109.671,225.4714,191.0216,88.3692
93,ASSET_D,105.3414,0.0437,0.0269,normal,0.8234,295.8934,213.106,110.9381,240.8821,38.0504,33.2359,79.5686,32.552,37.5033,115.7034
94,ASSET_A,99.8865,0.0207,0.034,normal,0.6281,37.3588,29.486,186.39,97.8228,172.6241,34.5836,275.5166,168.702,418.5512,26.7818
95,ASSET_B,102.0883,0.0626,0.0398,stress,0.7806,343.0762,71.3833,76.8724,125.3624,34.9542,48.3847,35.6585,129.4842,29.0642,305.426
96,ASSET_B,102.021,0.0432,0.0445,normal,-0.706,224.2183,52.7428,141.5357,12.3913,160.678,45.5749,101.0451,27.7857,283.855,54.4627
97,ASSET_A,100.2459,0.0483,0.0223,normal,0.3931,105.9195,84.5865,309.6905,66.0184,107.2455,86.6219,270.764,246.2834,117.878,62.5466
98,ASSET_A,100.6719,0.0248,0.0214,normal,0.3487,29.7508,45.0467,113.896,68.5928,77.442,136.7337,83.4748,65.3259,104.1243,95.6167
99,ASSET_C,103.8792,0.0541,0.0152,stress,0.1502,149.5061,27.2232,164.562,62.6981,14.8836,98.6899,55.1049,44.0999,63.6692,69.2246
100,ASSET_A,100.0038,0.0115,0.0132,normal,0.5961,43.3659,59.8587,139.2212,163.3608,323.2313,1.5515,206.6373,62.7626,298.6439,99.6281
101,ASSET_C,103.5007,0.039,0.0369,normal,-0.0514,239.6216,12.6164,53.4791,174.6051,53.2549,31.5033,76.834,517.2121,59.6164,14.3544
102,ASSET_D,105.9244,0.0336,0.0392,normal,0.2379,88.5483,11.6221,155.9241,84.2433,53.1704,20.1289,92.745,76.92,69.5624,138.3595
103,ASSET_D,104.9153,0.0216,0.0447,normal,-0.6885,22.3325,86.5812,41.0438,264.4738,127.0926,18.5198,212.5145,65.0063,55.7487,340.8242
104,ASSET_B,101.6884,0.0263,0.031,normal,0.6989,41.678,101.4479,63.2491,38.7456,294.8085,38.9608,156.8387,22.3556,168.3857,67.5269
105,ASSET_B,102.4065,0.0564,0.0256,stress,0.8063,70.6559,184.9821,253.596,68.3712,28.0042,71.4352,108.4563,27.3443,49.6162,20.4886
106,ASSET_A,99.4576,0.0921,0.0191,stress,-0.5263,56.0667,53.5709,40.6479,164.9375,22.8118,66.2445,50.0891,130.9688,47.7752,11.3692
107,ASSET_E,108.2482,0.03,0.0422,normal,-0.8479,29.5137,69.5111,35.1708,198.0568,137.3907,41.8326,77.9737,151.7448,97.623,122.9887
108,ASSET_D,105.8577,0.0137,0.0423,normal,-0.9123,130.688,97.7701,24.3931,346.0676,124.4252,74.2822,274.4368,93.427,54.8884,50.8289
109,ASSET_C,104.3442,0.0193,0.0467,normal,-0.0016,99.742,137.4988,68.3792,12.2175,114.7537,22.3527,78.8863,41.5141,322.8724,38.1724
110,ASSET_A,100.269,0.0162,0.02,normal,-0.868,263.3909,59.3278,43.4333,68.5953,156.4582,101.3722,228.1934,91.7281,179.4886,53.0697
111,ASSET_C,104.1356,0.0362,0.0417,normal,-0.4558,73.0552,116.7304,40.5108,214.8107,176.4538,58.6715,68.51,58.8284,114.4706,41.0117
112,ASSET_E,108.2212,0.0759,0.0479,stress,-0.0629,93.6958,19.9415,63.527,63.8004,77.644,141.23,103.7953,67.1002,68.179,69.2043
113,ASSET_D,107.035,0.0193,0.0486,normal,-0.6135,165.3385,74.7072,123.9838,19.3774,126.1277,134.4044,98.0255,128.5315,111.8292,155.4727
114,ASSET_D,106.1902,0.0273,0.0427,normal,-0.9246,53.2191,89.3415,76.6848,114.494,130.9857,159.0366,117.1524,103.849,143.1068,250.3495
115,ASSET_E,108.0692,0.0728,0.0115,stress,-0.2066,141.7993,76.5604,187.6433,90.0431,97.0382,63.5339,92.3204,180.9469,28.0441,87.1413
116,ASSET_A,100.5383,0.0164,0.0473,normal,0.9245,62.5005,43.1292,90.5006,37.6925,72.9673,89.5456,41.6446,86.5491,15.8268,75.3078
117,ASSET_C,104.7687,0.0256,0.0493,normal,0.7124,168.4649,19.2058,91.5408,249.9025,190.1191,59.387,46.9476,123.2184,231.3118,149.538
118,ASSET_C,104.287,0.01,0.0474,normal,0.7269,34.707,160.5343,206.3897,121.3587,62.4966,248.9977,73.6689,116.4174,47.0023,64.7381
119,ASSET_C,103.46,0.0303,0.0381,stress,0.6275,30.0439,87.9959,6.0694,73.8874,60.4381,77.3317,154.1813,144.2132,92.5964,164.9629
120,ASSET_E,107.9296,0.0287,0.0221,normal,-0.7186,47.1699,80.2124,84.0047,19.9063,251.044,52.0851,22.8817,240.0784,58.3781,241.1216
121,ASSET_B,101.6136,0.0952,0.0486,stress,0.9818,129.0197,50.1609,105.6444,102.5985,57.8498,125.0834,7.2947,296.8141,30.6807,142.4941
122,ASSET_E,108.6636,0.0825,0.0416,stress,0.1128,189.1842,198.0253,171.0442,34.9133,37.4496,95.5622,140.436,107.4157,5.4346,28.5317
123,ASSET_A,99.8216,0.019,0.0414,normal,-0.6633,38.7894,74.9562,62.675,182.153,13.9876,65.8542,152.1063,131.7753,109.1093,330.0908
124,ASSET_B,102.0204,0.0462,0.0222,normal,0.5934,92.5201,37.6629,173.511,32.597,44.772,142.9647,69.2817,37.8716,124.6417,69.8334
125,ASSET_E,108.18,0.0166,0.0226,normal,-0.8669,189.6785,8.6017,23.9243,305.1814,126.8578,237.8295,71.0633,204.7682,16.9566,91.4039
126,ASSET_B,102.0237,0.0367,0.0182,normal,0.3594,166.9467,81.8291,23.0329,94.1859,159.1467,30.6204,97.3925,99.7904,83.7385,57.3714
127,ASSET_C,104.0319,0.0252,0.0186,normal,-0.2577,31.6065,127.1521,109.4764,22.4201,12.2565,38.2113,275.8687,155.4459,42.0915,115.7373
128,ASSET_E,108.1651,0.0365,0.028,normal,0.928,26.9084,69.3293,126.6324,156.4045,110.0329,94.0048,165.0224,95.0819,28.4004,175.414
129,ASSET_B,102.205,0.0432,0.0432,normal,-0.8427,78.6012,8.8374,76.7171,29.8888,102.2722,71.7222,162.4277,101.4856,94.7146,72.7103
130,ASSET_E,108.2277,0.0375,0.04,stress,-0.7816,51.4058,16.3826,211.4127,82.6734,164.6811,102.8961,179.0021,49.7531,102.9465,221.5409
131,ASSET_E,107.6971,0.0494,0.0444,normal,0.7021,18.6923,150.8223,31.8108,48.2556,56.9254,40.7158,162.3389,41.0407,243.4471,85.6477
132,ASSET_C,103.8297,0.0403,0.0475,normal,-0.4619,138.0663,95.8273,97.838,304.2036,186.7002,232.3866,26.9641,137.011,77.8766,18.8025
133,ASSET_E,108.3568,0.0383,0.0211,normal,-0.5742,12.3045,218.0764,220.2221,31.6574,114.359,13.0045,192.9218,166.5689,126.558,107.1903
134,ASSET_B,102.2089,0.038,0.0252,normal,-0.9586,121.4976,56.6524,60.8975,147.4773,114.5871,115.4971,35.2996,78.9136,45.9916,130.2461
135,ASSET_C,103.9069,0.0212,0.0486,normal,-0.7622,92.1397,64.3189,251.828,30.9096,96.1537,28.3534,105.9615,85.6488,32.3846,73.8249
136,ASSET_D,105.8222,0.0885,0.039,stress,-0.9933,54.9673,69.0747,71.9572,218.5284,183.5359,41.1018,136.6484,50.9283,103.4418,97.6856
137,ASSET_A,100.0032,0.0888,0.0465,stress,0.9598,184.1952,164.5047,55.2124,12.361,104.5478,24.4416,11.4954,46.9866,83.9582,75.1984
138,ASSET_B,102.7402,0.0304,0.0325,normal,0.8191,29.566,85.2464,105.6588,101.2431,71.5523,122.618,121.3288,11.1622,207.6976,54.0306
139,ASSET_E,107.9844,0.0198,0.0174,normal,-0.674,87.1264,245.4474,223.3427,39.1513,11.3654,199.6632,141.2457,9.4637,54.6,34.873
140,ASSET_D,106.0791,0.0483,0.0267,normal,0.5079,134.4417,44.4263,125.1752,171.6428,177.5649,231.5267,269.8075,72.6988,29.1926,219.7179
141,ASSET_D,106.5337,0.0235,0.0364,normal,0.6947,77.5747,52.3455,33.6407,60.7196,26.4511,55.6299,9.5152,80.2759,20.5366,200.3959
142,ASSET_E,107.7128,0.0252,0.0236,stress,-0.3204,110.052,176.0656,53.1195,193.1418,195.4332,134.4008,161.1283,120.125,140.8606,72.3933
143,ASSET_E,106.9161,0.0455,0.04,stress,-0.1742,3.0878,9.6834,8.1192,50.5729,138.2746,83.4041,31.3911,64.1076,216.4268,93.5456
144,ASSET_D,105.9295,0.0142,0.0183,normal,-0.5283,51.4219,54.2047,87.4747,79.3177,148.2801,155.3668,57.2997,43.2436,106.0636,61.759
145,ASSET_E,107.6575,0.0135,0.0292,normal,-0.6459,67.2096,98.2143,36.201,186.4644,219.2446,135.3442,75.9674,76.6828,94.7362,191.5896
146,ASSET_A,100.4244,0.0456,0.0196,normal,0.5811,99.7594,92.4823,51.9979,24.2478,180.1497,143.065,149.7438,14.0913,67.6468,44.8938
147,ASSET_A,100.072,0.0445,0.0153,normal,-0.5904,61.1033,225.7927,128.4925,309.2032,49.9025,31.6839,52.2344,17.8994,96.9442,105.232
148,ASSET_A,99.9057,0.0318,0.0323,normal,-0.8349,39.2922,114.7191,248.0726,69.1205,160.8896,58.3165,141.3745,304.6507,344.8147,173.9821
149,ASSET_B,102.0279,0.0491,0.0117,normal,-0.5381,16.8503,37.64,44.218,290.7662,80.7673,29.099,50.3391,32.3261,188.9378,166.6769
150,ASSET_D,105.7831,0.0131,0.0425,normal,0.2633,64.5244,17.0377,37.4864,43.1709,116.8294,5.3253,46.1527,41.7787,65.7558,269.4119
151,ASSET_D,105.5867,0.0215,0.0257,normal,-0.5154,170.2668,27.1784,63.5852,93.4351,71.9686,108.5333,101.115,117.4524,244.7087,110.5435
152,ASSET_E,107.9182,0.0188,0.0101,normal,0.8275,84.2833,296.7228,39.4726,92.6266,91.9699,91.05,145.8144,56.4841,307.031,164.2505
153,ASSET_B,101.59,0.0726,0.0443,stress,-0.7023,35.3714,73.526,190.9681,144.2017,60.2252,45.9157,119.6472,230.1,32.4257,274.4136
154,ASSET_B,102.0138,0.0247,0.017,normal,0.164,46.9921,114.5003,73.4604,92.8233,139.2058,54.7469,78.146,217.8955,127.8953,123.6611
155,ASSET_E,108.2721,0.0497,0.0315,normal,0.0488,164.2202,117.6756,96.0347,210.5066,119.2658,25.3703,41.9134,181.6597,61.516,25.5737
156,ASSET_E,107.9318,0.0424,0.0202,stress,-0.2885,49.6451,118.5377,137.817,93.4974,2.6943,84.1474,63.5738,149.4758,194.4635,186.6246
157,ASSET_E,107.3332,0.083,0.0369,stress,-0.0189,58.0715,65.2826,16.2199,118.8339,109.2672,121.575,93.0912,200.5425,63.8824,101.724
158,ASSET_E,108.0683,0.0346,0.0185,normal,-0.7269,177.347,82.1134,129.656,67.1558,118.3778,66.9365,87.604,9.8514,38.7718,317.7673
159,ASSET_D,106.2926,0.0984,0.0484,stress,-0.8259,239.9752,37.6822,89.5533,39.9506,71.4067,17.4935,82.1389,55.1437,60.4854,16.5335
160,ASSET_C,103.7948,0.0993,0.0157,stress,-0.6004,6.0899,135.8356,174.5822,49.7008,273.1696,175.6232,28.3844,66.8912,157.8444,197.41
161,ASSET_D,105.9919,0.0254,0.0183,normal,0.2293,301.0988,125.3741,158.691,13.9721,65.8008,73.7217,46.5859,28.5669,68.333,240.8815
162,ASSET_D,105.8781,0.0421,0.0173,normal,0.5576,90.4961,21.6555,81.0176,64.3852,34.1992,58.6417,49.7957,112.438,63.7713,25.5563
163,ASSET_E,108.1396,0.0215,0.0153,stress,0.318,83.843,191.8711,78.4202,79.8767,66.7107,153.8442,67.5688,134.717,74.045,365.7124
164,ASSET_A,99.9525,0.0443,0.0113,normal,-0.6415,29.664,74.8709,127.7245,52.8755,148.9627,202.2949,29.6544,48.7407,58.2572,118.862
165,ASSET_E,107.5984,0.0387,0.0312,normal,0.9588,94.3082,51.4134,199.9375,63.2135,67.8334,154.2707,232.4035,80.1734,42.1183,77.3891
166,ASSET_E,107.6852,0.0199,0.033,normal,0.3801,18.7622,50.4708,109.5663,182.8384,160.7446,38.1711,16.9933,130.5263,151.493,67.368
167,ASSET_C,104.2754,0.0299,0.0452,normal,-0.376,54.3813,87.3721,28.4225,37.2707,34.2726,19.1447,78.4141,16.0985,35.04,42.0708
168,ASSET_A,100.2284,0.035,0.0345,normal,-0.9133,64.4141,179.841,53.7993,40.8301,179.0286,166.7857,42.3636,80.4456,79.1084,69.9606
169,ASSET_B,102.1657,0.0488,0.0398,normal,0.7077,42.0312,120.3277,62.5534,155.8698,28.647,320.492,78.8808,341.8857,25.264,120.4701
170,ASSET_C,104.0437,0.0381,0.025,normal,0.629,91.8913,122.5777,200.928,79.9046,245.3325,179.0519,62.8666,79.6673,341.6736,87.2771
171,ASSET_E,108.4701,0.0449,0.0412,normal,-0.3017,36.2204,293.0408,127.2693,148.4792,124.2595,13.5616,105.8841,26.9704,134.1827,148.0353
172,ASSET_D,106.556,0.0475,0.0412,normal,-0.2585,22.64,67.3494,75.045,145.6429,45.3852,197.0436,221.1792,154.4205,140.536,66.8477
173,ASSET_B,102.0512,0.0376,0.0112,normal,0.2335,71.1735,23.3893,49.0329,141.7754,34.2193,18.6375,56.216,37.7014,46.2455,69.4356
174,ASSET_D,105.7866,0.0368,0.0126,normal,-0.1788,20.2194,91.3968,19.2406,98.6829,23.7538,99.6484,17.9619,34.5744,74.6267,108.3884
175,ASSET_C,103.952,0.0186,0.0493,normal,-0.0322,85.2499,94.2996,112.9929,37.7988,54.7237,44.0,126.3514,55.5953,119.3979,26.0025
176,ASSET_E,107.8804,0.0363,0.0259,normal,-0.0802,64.5544,50.5952,96.3786,89.6096,147.6012,34.4208,62.8191,28.782,57.7364,33.7153
177,ASSET_E,107.8512,0.0385,0.0219,normal,-0.6499,82.8337,12.6414,68.1737,26.7269,30.9227,298.3554,75.8013,10.5678,166.3772,92.8147
178,ASSET_B,102.0634,0.0395,0.0107,stress,0.1821,128.755,28.7129,21.4806,220.7114,168.7906,59.2761,237.1316,118.682,82.5729,57.2169
179,ASSET_D,106.0972,0.0125,0.035,normal,-0.4265,24.9891,4.5502,56.4317,21.3839,63.5753,18.9098,154.0214,55.4577,124.8793,88.2248
180,ASSET_B,101.6433,0.0285,0.0261,normal,0.7375,106.6352,115.6486,200.7491,55.6825,120.1707,65.652,161.9674,114.2327,67.4357,39.5498
181,ASSET_D,106.9342,0.0442,0.0489,normal,0.5433,66.5353,126.6057,68.9693,91.1241,6.0568,60.6292,203.7076,20.993,82.0556,50.8253
182,ASSET_A,99.8084,0.0106,0.0446,normal,0.9191,28.5205,106.4194,51.4644,129.5501,139.0354,41.4526,59.2597,267.21,53.8241,117.1536
183,ASSET_E,107.1996,0.0495,0.0332,normal,-0.8699,124.2684,46.2824,45.3002,45.2679,185.0655,82.7867,101.6704,106.8649,237.188,23.8667
184,ASSET_C,103.8202,0.0237,0.0312,normal,0.6415,88.3347,190.2062,282.0049,79.5016,59.553,103.5002,154.2583,20.8394,103.7174,106.7822
185,ASSET_E,107.565,0.0257,0.0379,normal,0.2044,49.8378,72.8946,35.7364,166.789,52.3355,112.6423,54.1795,75.2739,104.4707,124.8815
186,ASSET_D,106.1582,0.0476,0.0364,normal,0.6008,18.8098,139.3566,42.7643,39.3448,49.0152,48.4233,30.4255,104.117,78.9613,41.1938
187,ASSET_D,106.266,0.0497,0.0364,normal,0.6717,165.9858,194.731,55.0096,160.2238,108.0031,31.605,123.6356,145.4986,36.4901,23.2376
188,ASSET_D,106.1521,0.011,0.0175,normal,-0.2947,91.1425,14.3677,23.4583,283.4292,116.01,61.2567,126.4138,55.0483,48.2578,79.6678
189,ASSET_D,105.8846,0.0374,0.0121,normal,0.6466,175.4049,43.5297,142.3765,217.9928,165.5424,187.8642,229.1666,236.2566,188.2723,111.2951
190,ASSET_C,104.1129,0.0296,0.0128,normal,0.0999,60.3719,210.8991,96.5129,16.4403,74.6488,32.5092,28.2816,73.6665,81.0452,99.8096
191,ASSET_E,108.031,0.0442,0.016,normal,-0.2533,169.1656,219.2451,259.5066,110.0615,89.3244,174.3631,102.2713,138.76,67.5228,196.1529
192,ASSET_D,105.6887,0.018,0.0311,normal,-0.1617,90.7451,82.8096,81.3465,13.2684,43.8083,87.3535,37.2554,68.2696,62.653,140.7913
193,ASSET_A,100.1869,0.0559,0.0319,stress,-0.1056,165.8184,121.2273,10.8039,137.9253,77.9369,26.5019,48.5214,77.7725,109.7186,72.4359
194,ASSET_D,105.9671,0.0473,0.0122,normal,0.5926,15.9041,27.9814,262.2145,43.9182,114.9847,58.2178,146.3343,43.1086,104.8161,108.4835
195,ASSET_D,106.1206,0.0479,0.0132,normal,0.2782,61.805,237.2738,141.1209,180.4269,233.5862,100.1565,19.224,223.9258,105.4062,184.6886
196,ASSET_B,102.364,0.0346,0.0211,normal,0.2396,97.8121,143.1855,65.37,17.2014,144.9745,43.537,21.7755,411.741,29.219,219.7731
197,ASSET_A,100.3946,0.0188,0.0466,normal,0.3436,170.0237,92.7804,41.375,159.4372,164.3209,84.6137,78.8267,78.3084,72.7938,118.8713
198,ASSET_D,105.5433,0.0254,0.0412,normal,0.5565,258.6198,45.9675,52.6242,115.8028,177.1275,71.1313,176.5127,18.0029,130.505,49.7272
199,ASSET_A,100.2702,0.017,0.0271,normal,-0.1557,33.5947,74.853,76.9974,40.4729,111.4293,43.934,149.1517,195.7293,47.9734,135.5327
200,ASSET_E,108.0722,0.0465,0.0192,normal,0.2428,96.1728,125.063,215.6257,21.5978,58.5427,27.1878,46.8318,32.4011,133.1562,8.8385
201,ASSET_E,108.4601,0.0212,0.0435,stress,-0.8255,216.7072,125.6478,84.2978,86.3948,78.5035,162.0645,44.0588,98.5307,269.3866,36.9641
202,ASSET_C,104.354,0.0456,0.0218,normal,-0.676,87.4805,119.1425,30.6167,56.6288,287.3969,255.244,171.8933,23.4879,62.6328,157.4391
203,ASSET_C,103.5783,0.0179,0.0415,normal,-0.0025,47.9523,82.8664,93.4268,110.6434,13.6445,259.6645,199.7096,121.3635,102.1887,14.0059
204,ASSET_D,105.6353,0.0424,0.0456,normal,-0.7746,144.734,49.2943,113.9411,17.8288,148.5481,137.1451,40.9285,59.2878,89.0429,84.3804
205,ASSET_A,100.0596,0.0483,0.0325,normal,0.3649,30.2644,50.4851,57.8158,66.3306,77.6602,93.9938,219.77,107.8065,106.7483,86.7283
206,ASSET_C,104.006,0.0253,0.0422,normal,-0.2264,200.0566,264.0772,391.9242,40.7752,20.7894,8.5762,68.4161,135.7901,36.7405,193.7576
207,ASSET_D,106.0376,0.0283,0.0117,normal,-0.6846,181.6316,191.2897,127.5076,267.7556,44.1252,130.9973,254.108,8.1518,170.8334,14.9615
208,ASSET_E,107.3699,0.0416,0.0355,normal,0.6839,71.3266,80.7686,81.7892,237.6398,59.336,15.6129,167.3832,86.8695,92.8229,8.7708
209,ASSET_C,103.945,0.0439,0.0219,normal,-0.086,44.517,98.6339,70.7977,23.51,162.3216,27.7124,67.7345,113.8205,28.0213,5.5274
210,ASSET_E,108.355,0.0294,0.022,normal,-0.3753,126.3178,80.4794,124.1311,27.1084,3.7184,59.0349,147.6062,127.2798,178.6843,60.315
211,ASSET_A,99.5618,0.0478,0.0413,normal,0.0609,312.9389,175.6821,68.7541,89.2603,79.1,56.0527,51.1054,41.9438,86.8114,324.8519
212,ASSET_C,103.8697,0.0238,0.0467,normal,-0.6386,122.7474,82.8299,39.1359,60.7976,100.916,78.0567,71.141,111.8884,95.1714,112.6875
213,ASSET_A,99.8437,0.0178,0.02,normal,-0.1148,40.0787,16.0709,25.6315,89.4809,100.7284,93.6372,107.0823,152.0404,24.8978,102.6303
214,ASSET_E,107.8233,0.0986,0.0494,stress,0.5435,189.0358,26.8469,11.1259,79.6216,157.5072,180.2329,40.2306,96.6974,32.4588,108.0791
215,ASSET_D,106.0459,0.0734,0.0463,stress,-0.9602,300.4885,90.4658,18.134,64.9578,61.2147,42.5233,46.4389,38.7257,100.1066,152.2994
216,ASSET_D,106.4028,0.0418,0.0231,normal,-0.7373,46.7389,43.5023,63.3589,46.4862,109.3167,37.482,77.8078,105.413,88.6377,28.1409
217,ASSET_C,103.9789,0.0478,0.0135,normal,-0.9687,11.733,21.7776,46.6935,128.3825,181.3943,154.3525,87.71,20.9679,66.7502,9.4818
218,ASSET_E,108.1747,0.0928,0.0433,stress,-0.0701,25.5371,76.2011,259.1321,234.9774,47.4148,66.311,72.0433,62.1167,85.7645,26.3697
219,ASSET_D,106.5318,0.0352,0.0463,normal,0.6476,33.8114,88.1486,178.624,51.1733,114.1402,126.8356,276.7987,195.3498,108.9479,112.9744
220,ASSET_B,102.0287,0.0389,0.029,normal,-0.2518,14.5193,17.1976,105.5449,68.523,107.0548,31.6181,206.8086,37.8466,78.3614,139.223
221,ASSET_E,107.8342,0.0488,0.0363,normal,0.2931,253.3072,272.0619,266.5172,26.628,262.0962,79.9009,125.7788,86.5372,314.5155,56.2207
222,ASSET_B,101.5815,0.0693,0.0425,stress,0.6243,55.5162,77.5978,94.0958,157.8659,19.09,58.8877,346.5145,66.0948,163.7478,120.6242
223,ASSET_B,102.289,0.0637,0.0155,stress,0.1237,222.8246,43.3575,151.6888,18.3185,171.7699,77.7208,32.0551,132.478,39.0285,110.9022
224,ASSET_C,103.6325,0.0529,0.0482,stress,-0.3028,42.0647,117.4461,110.2259,39.4431,91.671,43.0344,11.0384,220.4802,59.3833,81.4715
225,ASSET_B,101.9635,0.0917,0.0173,stress,-0.8157,76.9536,57.1179,23.4357,142.2034,152.0431,426.9708,41.8926,81.6022,72.2944,60.8861
226,ASSET_B,101.7323,0.0651,0.0359,stress,0.8709,76.6409,111.5442,272.741,88.7269,16.7548,17.6574,59.323,244.2992,45.566,61.35
227,ASSET_D,106.0024,0.0353,0.022,normal,-0.1682,49.8271,94.3496,64.2248,45.5063,116.4712,102.9676,242.0845,66.0885,83.1781,48.0677
228,ASSET_D,106.2621,0.0368,0.0234,normal,0.9039,70.2591,202.5096,102.1007,153.7871,136.1655,24.1776,31.5999,97.6275,161.5834,90.5082
229,ASSET_A,99.8783,0.042,0.0234,stress,0.1556,71.9861,109.9341,141.0846,96.6344,155.983,74.8392,26.0012,67.8456,72.5174,59.1169
230,ASSET_E,108.0847,0.0451,0.0134,normal,0.5892,11.0025,138.5385,6.5338,75.0547,273.0243,153.7753,47.0625,9.5187,92.3558,68.4482
231,ASSET_E,107.8723,0.0326,0.0287,normal,-0.7476,53.2474,89.899,117.47,41.7667,73.0291,108.5811,166.1506,28.1924,84.6173,48.0026
232,ASSET_C,104.2854,0.0463,0.032,normal,-0.124,48.2195,76.4407,55.7154,175.1874,61.4875,55.579,150.4942,148.184,86.1614,84.8719
233,ASSET_A,99.7738,0.0308,0.0383,normal,-0.3622,69.2437,18.1678,79.3495,22.3484,90.2241,17.1039,75.3826,3.597,80.1108,30.0687
234,ASSET_D,106.1944,0.0294,0.017,normal,0.0715,89.1781,13.7494,155.3688,104.1327,89.1712,264.0696,194.5692,37.8755,206.7937,153.4634
235,ASSET_C,104.3417,0.0439,0.0467,normal,0.1097,180.0072,10.7401,5.7124,168.705,149.99,27.9267,116.8318,139.9971,42.5916,70.7672
236,ASSET_A,99.4738,0.0346,0.0382,normal,-0.2232,108.4693,78.9809,11.6822,87.9646,84.3567,25.5151,4.5139,264.0223,239.9734,71.6261
237,ASSET_A,99.7299,0.0264,0.0233,normal,0.0039,151.0337,35.1699,232.7523,66.7829,102.8994,122.5994,204.2219,44.1253,260.686,32.9622
238,ASSET_A,99.7726,0.0237,0.0225,normal,0.4898,64.4442,97.4287,96.8135,83.5615,56.0033,170.4269,93.4285,194.7965,55.8479,36.6854
239,ASSET_C,103.8651,0.0346,0.0144,normal,-0.227,132.6215,40.6814,129.1499,109.7923,48.8711,205.2058,122.5414,112.9875,107.4188,91.2627
240,ASSET_A,99.8357,0.0139,0.0466,normal,0.6178,46.0251,47.1631,76.381,107.8472,532.688,41.7652,239.9319,27.4871,127.6183,41.1933
241,ASSET_B,102.0113,0.0244,0.0143,normal,0.6334,43.7222,60.3079,113.2247,31.6371,172.5999,116.3485,172.1044,41.0008,86.0456,12.597
242,ASSET_C,104.7643,0.0898,0.0293,stress,-0.8034,170.0953,32.5099,23.41,53.743,215.2409,53.4344,163.1328,175.5378,88.8315,135.6801
243,ASSET_A,100.0466,0.0115,0.04,normal,0.7281,58.6603,45.9422,167.7518,193.9574,28.8202,155.6484,67.3811,50.4437,115.4262,48.467
244,ASSET_D,106.5948,0.0469,0.0419,normal,-0.2432,151.6855,103.756,72.4667,74.5138,52.0934,59.0973,34.2797,30.8617,76.8895,23.7434
245,ASSET_A,100.1406,0.0362,0.0224,normal,0.9184,130.3002,114.4142,49.1205,84.5969,73.2454,29.7516,86.5498,92.5381,77.5639,44.8113
246,ASSET_D,106.0605,0.0143,0.0118,normal,-0.8315,3.3904,15.7519,129.306,25.4018,48.5624,118.3144,29.3364,169.0906,80.7631,59.3873
247,ASSET_A,100.0042,0.0222,0.0182,normal,-0.6901,100.9128,73.4409,73.2322,73.2012,272.2305,123.6078,97.3164,69.6833,33.7166,167.0285
248,ASSET_B,102.2515,0.0288,0.0397,normal,0.0087,45.9931,6.3871,15.0268,93.0457,44.2699,76.2905,27.9395,79.4603,98.3603,42.2693
249,ASSET_C,104.4229,0.0238,0.0253,normal,0.5165,103.3133,53.6234,41.6422,20.7051,9.3494,21.0574,30.1652,85.4019,180.3438,131.0534
250,ASSET_B,101.8915,0.0316,0.0249,stress,-0.5281,74.4114,144.2744,106.7204,108.9029,69.5903,91.8566,159.1854,196.1243,34.4369,78.9829
251,ASSET_A,99.2908,0.0265,0.0458,normal,0.4516,52.5856,27.9714,83.5061,22.7974,152.8152,46.6698,103.7253,52.4191,177.1077,32.6356
252,ASSET_D,105.9985,0.0207,0.0212,normal,0.8229,217.9647,329.4189,67.8909,43.7321,152.4242,131.691,147.476,124.4871,64.8359,196.4272
253,ASSET_B,102.9942,0.0427,0.0471,normal,-0.8577,35.1934,48.4571,46.4649,86.9594,67.157,79.3269,78.3109,119.7643,239.8557,70.0645
254,ASSET_C,103.9317,0.0198,0.0127,normal,-0.6029,86.8172,11.1644,136.9006,175.8868,289.5545,59.9993,135.5209,56.8567,262.1855,26.6306
255,ASSET_A,100.5416,0.0168,0.0286,normal,0.936,3.3777,188.5397,35.2661,97.8331,33.0359,51.7703,49.0947,20.5212,69.4308,48.7602
256,ASSET_D,106.0342,0.0447,0.0439,normal,0.6142,76.522,23.8735,64.3903,157.8292,50.7564,173.6217,101.2796,268.8699,63.4337,113.8877
257,ASSET_A,99.8113,0.0272,0.0133,normal,0.829,85.5448,114.1278,123.8182,25.2863,11.4762,139.5264,30.5203,189.472,140.1225,134.7482
258,ASSET_B,101.8186,0.0346,0.0451,normal,0.2424,175.7359,94.4201,126.5771,352.9358,228.8032,15.9859,145.5139,39.8898,50.5066,83.183
259,ASSET_C,104.292,0.09,0.044,stress,0.5793,23.6778,55.3768,51.9354,186.9664,116.5118,22.1515,56.1331,2.3645,10.7812,116.0994
260,ASSET_A,99.7128,0.0277,0.0386,normal,-0.7047,85.5422,49.9804,138.8216,111.0766,42.5869,96.4852,77.3945,194.9408,21.1327,26.1535
261,ASSET_D,106.0539,0.0916,0.0475,stress,0.9434,232.9754,11.4837,107.6045,70.6533,59.9283,84.5254,28.2725,236.9205,354.5793,201.3708
262,ASSET_C,104.0857,0.0333,0.0152,normal,0.9213,124.9862,19.5021,98.385,38.6588,106.085,64.3593,79.2705,38.5785,58.1423,205.9543
263,ASSET_C,103.9687,0.0232,0.048,normal,-0.9537,59.5671,68.6071,27.4655,85.4408,80.7189,24.0088,71.3115,139.8925,87.6569,38.5888
264,ASSET_E,108.0655,0.0143,0.011,normal,-0.7564,196.4464,136.5102,79.4183,188.8543,80.8267,74.6653,234.9927,39.1409,61.9026,62.3921
265,ASSET_D,106.3606,0.0173,0.0455,normal,-0.7032,39.0963,89.2782,97.2454,41.0502,193.4051,99.5727,18.9331,81.9926,43.7877,62.4137
266,ASSET_E,108.7707,0.0418,0.0476,normal,-0.6526,44.7784,53.3934,88.6036,105.7363,17.5631,82.753,117.1661,223.6424,156.5278,49.1796
267,ASSET_A,100.194,0.0571,0.0397,stress,0.6781,16.6235,29.8448,92.7082,18.2728,58.6435,63.7449,71.4798,46.5897,48.9703,110.6871
268,ASSET_A,99.6723,0.0225,0.0361,normal,0.8567,153.2828,104.8365,77.653,211.0484,71.1449,148.9838,90.9481,24.4704,71.6731,56.4935
269,ASSET_C,104.2306,0.097,0.0163,stress,0.8311,33.7909,77.4997,99.5039,93.6755,377.5006,168.6897,112.5466,109.8588,63.9675,80.6328
270,ASSET_E,107.7654,0.0403,0.0267,normal,-0.5026,101.7938,54.4217,44.58,81.5888,116.1123,142.0999,87.0032,69.6322,149.1107,53.3322
271,ASSET_D,105.9114,0.0463,0.0145,normal,-0.901,8.1811,23.8625,42.6891,45.7077,104.3678,32.8752,174.5388,129.6982,62.3375,66.9883
272,ASSET_A,99.2847,0.0958,0.0414,stress,0.385,84.6739,21.8291,53.4986,308.1763,79.6172,167.5108,38.817,316.2726,24.2942,109.9022
273,ASSET_D,106.1387,0.0432,0.0257,normal,0.2863,64.7732,116.5835,32.7441,128.2135,128.5649,215.5502,19.3237,194.2111,10.0678,150.5609
274,ASSET_E,107.4716,0.0353,0.0395,normal,0.3475,52.7063,83.0492,30.5921,89.5354,58.2715,299.216,201.1039,72.977,91.5976,53.8344
275,ASSET_C,104.1866,0.0269,0.0216,normal,0.0585,87.7866,38.8037,60.2784,65.7728,51.8069,81.8091,100.2281,250.4779,90.8841,112.9719
276,ASSET_A,100.4819,0.0348,0.039,normal,0.8591,92.9303,274.1516,173.1174,16.3237,92.1339,51.9044,11.3179,145.3069,329.8208,46.3331
277,ASSET_A,100.0638,0.0244,0.0111,normal,-0.9983,110.3384,32.0995,93.2995,73.8984,14.2741,74.5065,114.4317,52.3779,38.7514,35.0718
278,ASSET_D,106.1905,0.0232,0.0297,normal,-0.6864,56.2548,118.9679,97.2428,43.6674,146.9876,52.0925,33.5597,47.8976,137.5933,85.2021
279,ASSET_B,102.3213,0.048,0.0422,normal,0.6462,29.6199,182.6711,135.4456,51.3924,35.7524,33.5314,40.6772,38.9176,22.6172,161.2226
280,ASSET_A,99.5832,0.0364,0.0378,normal,0.0478,13.7288,108.6026,148.919,154.5171,40.2222,40.286,19.1084,32.0584,13.9322,291.5864
281,ASSET_A,100.6035,0.0601,0.0453,stress,0.072,55.5774,118.9951,159.3369,98.3838,101.1192,170.5423,388.9581,108.5709,56.7063,75.3597
282,ASSET_B,102.7134,0.0523,0.0335,stress,0.2627,50.5322,28.9373,66.0991,78.6214,88.9579,118.086,15.1405,111.3556,185.9374,58.774
283,ASSET_C,104.032,0.0104,0.0205,normal,0.9637,79.3454,61.5989,95.3918,107.685,84.3004,109.837,88.9502,218.6534,195.4831,29.4269
284,ASSET_D,105.8346,0.0254,0.0281,normal,0.8442,102.8475,78.1579,42.6474,122.8121,103.8599,28.8104,23.5068,108.2168,139.4095,14.0899
285,ASSET_E,108.0618,0.0118,0.031,normal,0.1184,118.5027,2.7148,59.9557,301.2301,170.8002,156.6163,93.9957,83.3391,64.1235,126.6064
286,ASSET_A,100.2297,0.0536,0.0307,stress,-0.5649,136.7444,76.406,29.8977,50.1744,35.34,70.4191,58.5864,59.3912,118.374,102.0079
287,ASSET_D,105.9895,0.0344,0.0135,normal,0.134,85.5841,50.538,196.1813,117.5787,104.0043,63.2897,349.621,49.0643,136.3371,126.0022
288,ASSET_B,101.4729,0.0103,0.0347,normal,-0.9737,62.3533,33.1348,51.6732,161.6495,66.9817,16.9616,122.7067,57.9205,59.0018,149.6966
289,ASSET_E,108.0156,0.0503,0.0384,stress,-0.8425,135.1285,24.0043,176.6656,105.2914,54.7195,265.6654,55.3424,104.8928,223.0658,232.118
290,ASSET_D,105.4647,0.0191,0.0393,normal,-0.3283,156.1585,37.3587,24.8375,85.5123,49.8682,78.3538,65.9241,82.1006,155.6953,220.8165
291,ASSET_A,99.875,0.0441,0.0131,normal,-0.9555,44.1371,18.9178,181.0859,11.6754,44.4163,210.9066,14.0999,86.6089,239.0577,77.9908
292,ASSET_C,103.4515,0.017,0.035,normal,-0.6171,61.2388,34.3262,196.1586,90.6439,72.3472,48.6247,117.9347,23.7934,13.1824,428.2244
293,ASSET_A,99.4324,0.0397,0.0477,normal,-0.4708,30.3103,45.2294,76.9024,121.1029,97.9119,108.9042,176.9999,32.4039,336.6535,40.1367
294,ASSET_E,108.102,0.028,0.017,normal,-0.3905,24.7274,145.9765,51.9126,55.0431,74.2892,18.605,151.5053,352.8292,90.5148,77.2515
295,ASSET_A,100.6027,0.0169,0.0474,normal,0.2078,187.0625,113.3375,4.0073,137.8222,91.3797,131.3607,42.4065,52.7876,228.6579,113.5589
296,ASSET_B,102.2771,0.0453,0.0387,normal,0.5464,14.9018,62.8521,47.9764,37.054,13.3653,207.5936,86.9906,21.6369,56.1977,117.521
297,ASSET_D,106.6096,0.0163,0.0476,normal,-0.7208,52.6641,30.1117,69.3482,101.1256,29.1161,71.4346,126.9949,92.6472,74.0656,140.2327
298,ASSET_B,102.613,0.0469,0.0362,normal,-0.0516,72.0932,54.4992,56.4571,259.6285,40.0999,62.7023,204.7008,58.5789,35.2326,51.1801
299,ASSET_E,108.0168,0.0323,0.0105,normal,0.9788,121.8014,25.4441,151.2412,38.5164,8.2079,15.4898,52.1941,38.5819,271.4204,73.4976
300,ASSET_A,99.7757,0.0105,0.0444,normal,0.8897,46.8484,22.1343,55.6879,41.7697,16.2807,205.3993,107.7878,323.0275,255.5012,98.2533
301,ASSET_B,102.156,0.0288,0.0123,normal,-0.0237,69.507,32.847,68.0377,195.1964,19.9247,186.427,142.8418,71.4725,138.8025,125.2375
302,ASSET_D,106.0166,0.0683,0.0242,stress,-0.4953,384.4656,88.6056,48.8555,70.5251,116.6122,142.1295,338.2963,19.1833,30.6311,83.2157
303,ASSET_D,106.0808,0.0504,0.0138,stress,0.2862,188.3403,113.4478,38.6763,101.0326,51.0558,112.4563,188.034,120.1506,41.7467,97.7308
304,ASSET_C,103.4098,0.0103,0.0489,normal,0.4344,234.8558,203.9465,78.8075,59.8366,76.1529,192.2965,81.6061,33.8597,37.9014,209.5744
305,ASSET_D,106.282,0.0116,0.0367,normal,0.9972,23.0705,73.3938,49.7282,46.0022,77.4071,191.5352,114.2113,173.973,20.7786,106.6229
306,ASSET_C,104.0721,0.0192,0.0106,normal,0.9211,191.5386,222.2052,25.2173,191.2832,42.9006,63.677,98.6499,231.9103,60.4574,92.2756
307,ASSET_A,100.0398,0.0259,0.0478,stress,0.9418,92.2426,40.242,171.0561,41.6025,83.055,30.0551,109.7306,70.6924,135.8664,104.2459
308,ASSET_E,107.9003,0.0228,0.0233,normal,0.1679,71.023,37.9357,26.9881,47.7188,39.0479,53.9107,77.2157,266.9267,73.9589,120.7612
309,ASSET_E,107.9974,0.0134,0.0149,normal,0.5936,164.387,118.3009,223.0882,3.5806,97.9819,227.2574,14.5967,86.6303,53.5588,40.0816
310,ASSET_A,99.8051,0.0483,0.029,normal,0.0072,88.6399,34.0996,35.4432,67.8363,6.5295,120.7345,127.1571,80.6989,35.4468,102.3355
311,ASSET_E,108.0381,0.0435,0.0211,normal,-0.2649,177.4319,238.4003,78.8323,85.0058,62.8119,241.136,18.6569,300.2157,48.193,95.8914
312,ASSET_C,104.2473,0.0562,0.0324,stress,0.9568,55.5901,181.7556,81.684,61.9581,178.0797,75.4891,76.8782,114.4814,72.0585,132.9842
313,ASSET_D,105.8241,0.0456,0.0272,normal,0.1702,99.0516,38.6233,241.2835,190.0929,19.2067,83.611,173.268,92.1062,56.1906,110.215
314,ASSET_A,99.7884,0.0247,0.0389,stress,-0.5376,126.1219,23.998,165.0344,4.5368,45.874,77.9265,222.4863,57.0081,150.6708,33.5619
315,ASSET_A,100.0732,0.0111,0.0191,normal,0.9435,30.2709,26.2818,265.7981,72.4232,81.5482,23.3839,105.1694,84.6587,337.4632,80.3507
316,ASSET_B,101.9629,0.0457,0.0452,normal,-0.8894,22.3154,105.5607,143.4628,14.4557,73.0839,51.3027,24.3162,16.0371,16.394,195.9526
317,ASSET_D,105.9494,0.0248,0.0205,stress,0.5146,13.2596,47.3581,38.8724,48.0387,49.4137,91.0524,71.2865,178.2532,195.9772,110.0562
318,ASSET_E,108.4697,0.0289,0.0243,normal,-0.1203,42.7372,120.8062,49.7594,168.4276,73.8086,115.8819,113.4611,105.5965,74.0471,30.5231
319,ASSET_C,104.8291,0.0367,0.0373,normal,-0.0356,55.8237,29.8684,69.1109,119.1168,57.4512,54.8249,118.2995,64.3344,61.0817,114.7952
320,ASSET_E,108.1513,0.05,0.0343,normal,0.3122,76.9177,45.1197,262.9116,164.3091,59.7416,193.1042,22.5636,84.8018,57.3651,114.5507
321,ASSET_C,103.8865,0.0122,0.0185,normal,0.7236,35.7877,75.4493,44.7835,151.5469,34.5558,110.2616,45.6175,16.7438,53.5039,54.4624
322,ASSET_E,108.0986,0.0382,0.0442,normal,-0.8165,49.366,225.18,108.0951,52.4961,216.4001,29.2829,39.0901,98.0972,10.2532,114.1924
323,ASSET_A,100.2569,0.0738,0.0169,stress,-0.7081,467.1031,71.1614,49.6139,69.3015,216.0169,104.2369,159.5599,70.8331,75.7122,114.7053
324,ASSET_C,103.6849,0.025,0.0337,normal,-0.0825,63.3381,186.3849,14.6539,158.1067,174.1127,158.8977,72.6409,4.3874,298.1008,74.8785
325,ASSET_B,102.0332,0.0452,0.0409,normal,-0.9384,112.3849,88.184,176.9422,63.6529,186.0688,60.0718,48.4869,78.3104,99.1717,126.4966
326,ASSET_B,102.2425,0.0968,0.0244,stress,-0.7333,299.6323,24.1322,55.3355,12.5776,173.2739,80.9116,54.4779,157.2805,27.0087,47.1734
327,ASSET_E,108.2429,0.0372,0.0454,normal,0.7129,29.4956,121.892,150.2871,59.1877,190.3838,99.8103,24.0873,102.6554,62.6826,189.3612
328,ASSET_C,104.6757,0.0386,0.0405,normal,0.13,25.9549,33.4504,20.9297,75.8376,26.2339,66.2618,134.3635,232.0305,106.0099,31.6719
329,ASSET_B,102.3479,0.0227,0.0237,normal,0.7809,60.3807,27.0455,47.8789,57.3832,65.87,39.7422,104.8534,62.2989,243.2093,152.4566
330,ASSET_E,108.3555,0.0158,0.0448,normal,0.1095,115.3998,81.0137,53.6054,230.711,93.0243,19.8249,112.1397,120.1808,74.5813,22.422
331,ASSET_D,106.4171,0.0499,0.0472,normal,0.3803,60.772,58.6539,244.5684,115.7574,11.025,105.8216,98.5161,42.0218,125.5491,92.9881
332,ASSET_A,100.2349,0.0159,0.0437,normal,0.692,92.6395,17.7949,73.6417,47.1484,192.6604,30.3309,76.0003,152.8736,4.2855,193.5363
333,ASSET_E,108.2241,0.0204,0.0466,normal,0.9825,19.2955,1.3946,75.0334,58.0599,27.1363,43.2276,202.7846,106.584,196.2965,331.3031
334,ASSET_E,107.9668,0.0317,0.0103,normal,-0.3437,48.4321,93.4389,87.0806,130.0384,41.5449,75.4039,40.3183,19.0213,41.5524,133.781
335,ASSET_B,101.756,0.0349,0.0269,normal,0.1351,29.6162,35.6843,103.1912,144.1884,199.8222,101.2896,151.4077,9.0306,135.1103,71.8878
336,ASSET_C,104.0066,0.0465,0.0475,normal,-0.0394,66.5106,129.005,131.8447,166.1643,134.3833,151.0715,51.1895,139.8546,75.2225,48.6057
337,ASSET_B,101.6243,0.0496,0.031,normal,0.3245,42.2869,111.2277,51.914,18.5419,57.4163,133.9244,194.344,61.5644,48.5537,50.7754
338,ASSET_A,99.9004,0.0486,0.0327,normal,-0.9356,17.8948,49.5699,77.996,24.3243,85.7576,89.7045,220.1007,323.5756,48.608,74.4146
339,ASSET_C,103.5773,0.0637,0.0365,stress,-0.9222,96.3416,65.4334,51.0961,74.982,73.6469,131.7984,47.6407,108.8097,59.9893,35.0004
340,ASSET_E,107.7295,0.0454,0.0458,normal,0.1458,196.3443,74.3341,83.666,33.9532,67.0882,65.0233,72.6946,43.569,81.3578,58.7027
341,ASSET_C,103.8386,0.0493,0.0137,stress,-0.4159,166.8246,143.7862,39.9866,16.6081,84.5245,33.8003,164.8194,26.8584,21.3093,27.2969
342,ASSET_B,101.7111,0.0119,0.0218,normal,-0.2513,49.8092,124.3388,69.3601,152.1198,127.7707,70.4272,14.1408,63.3598,284.9122,88.009
343,ASSET_E,108.119,0.0253,0.0303,stress,0.5396,33.8081,92.1659,76.1364,44.552,288.2949,168.6516,313.613,246.9024,13.5779,48.5509
344,ASSET_D,106.2908,0.0465,0.0431,normal,-0.0762,4.2969,53.4082,116.2601,59.2119,124.9247,85.4824,141.3839,67.8697,39.5764,153.3362
345,ASSET_C,103.8486,0.0744,0.04,stress,0.1009,74.452,111.647,94.9762,93.1763,85.6643,35.0754,26.2184,38.5855,55.591,69.2517
346,ASSET_B,101.7677,0.072,0.0192,stress,0.5226,103.6329,88.6817,60.5979,246.8813,73.8977,55.6582,30.6105,143.7265,226.0737,103.4529
347,ASSET_B,102.6048,0.0862,0.0459,stress,-0.4863,28.3853,57.1983,64.7093,93.9168,83.346,80.7948,82.424,73.8331,38.4339,95.343
348,ASSET_A,100.0582,0.0354,0.0218,normal,0.0026,161.9616,10.8131,65.7416,128.5839,25.5946,66.2029,154.7575,60.8455,69.2006,67.2825
349,ASSET_C,103.7749,0.0497,0.049,normal,-0.6949,165.6778,89.7253,51.4071,88.7288,77.139,75.0154,175.2401,113.8496,97.226,50.0405
350,ASSET_E,107.5793,0.0322,0.0357,normal,-0.4745,35.074,3.704,64.7185,21.1242,105.3403,217.7666,99.6222,446.3452,62.7177,104.8109
351,ASSET_C,103.8912,0.04,0.0123,normal,-0.6957,177.8515,40.9438,55.2956,152.7431,14.4784,151.6615,60.8263,73.5651,74.3384,51.8319
352,ASSET_A,100.4259,0.0353,0.039,normal,0.8757,118.451,155.1872,86.1814,186.2606,183.9331,57.3329,155.6869,35.632,15.3555,43.8982
353,ASSET_D,106.1865,0.0321,0.0151,normal,-0.1746,30.6492,75.5618,53.0648,47.3069,17.9104,17.4663,37.7841,32.1991,68.6644,204.869
354,ASSET_A,99.2708,0.0387,0.0314,normal,0.8202,179.7047,171.2773,37.0198,29.2902,105.9639,299.7663,78.4585,25.5738,194.704,9.4209
355,ASSET_B,101.1607,0.0267,0.0445,normal,-0.2964,60.8085,70.2953,53.461,51.3834,147.9464,66.5742,136.6686,122.8,47.8093,30.4634
356,ASSET_D,105.8807,0.0239,0.0382,normal,0.4654,36.6101,184.6934,50.3736,201.5353,64.6059,58.1548,161.9506,213.9461,68.0194,27.4221
357,ASSET_B,101.6515,0.0102,0.0182,normal,-0.0521,223.4937,120.9718,108.7034,80.3007,33.646,157.0465,69.8337,142.9721,34.3239,97.9536
358,ASSET_E,107.8575,0.0107,0.0166,normal,0.0136,36.4298,83.4799,136.7912,112.0217,68.7354,190.8205,14.3755,23.9892,46.3512,55.7689
359,ASSET_C,104.1322,0.013,0.0244,normal,-0.6511,29.7388,159.3705,55.219,209.157,121.0088,94.6144,52.386,246.2043,100.8076,180.7159
360,ASSET_E,107.9038,0.0413,0.0109,stress,0.7754,11.5264,114.252,88.3022,173.5399,120.8256,74.3264,184.8338,44.6253,123.8674,38.7435
361,ASSET_A,99.9849,0.0388,0.0229,normal,-0.6761,18.7414,139.4297,57.235,17.0922,104.7022,141.5488,18.4462,80.5375,70.0198,170.4667
362,ASSET_E,108.0182,0.021,0.0149,stress,-0.0358,30.797,44.3939,11.6582,65.3699,65.8158,12.7682,192.8177,42.3831,35.2345,171.4643
363,ASSET_A,100.3846,0.0539,0.0404,stress,-0.4626,368.5881,331.762,99.0925,255.4989,102.3063,54.3041,74.2305,139.3189,209.5236,330.0576
364,ASSET_C,103.9184,0.0292,0.0281,normal,0.2888,54.0319,55.1381,180.3434,100.2567,88.1193,4.7021,431.2721,194.4394,75.526,49.4426
365,ASSET_E,108.0248,0.0165,0.0276,normal,-0.7505,80.2906,141.195,83.4226,42.5299,204.5814,7.2966,51.6979,143.4076,83.3258,79.2011
366,ASSET_A,100.1902,0.0484,0.0234,normal,0.4694,127.4727,220.4777,119.2719,113.0549,51.8311,137.7815,12.2982,234.3897,87.9511,52.8779
367,ASSET_E,108.3892,0.0431,0.0283,normal,0.6154,50.949,45.5146,133.4005,89.8792,98.2785,57.8018,149.1237,185.1535,131.4993,103.8134
368,ASSET_E,109.2258,0.0221,0.0458,normal,0.3705,78.7684,100.8366,326.8201,17.4406,18.6905,73.2809,249.6591,61.0822,123.6478,91.0197
369,ASSET_B,102.0726,0.0378,0.0401,normal,-0.3373,104.9984,51.9653,130.2648,50.2857,42.3291,127.6753,55.2968,134.9986,68.9921,118.5885
370,ASSET_E,107.623,0.015,0.0481,normal,-0.188,22.4263,92.5805,241.3836,42.9955,91.3291,92.8756,80.4637,123.2393,37.7151,4.5538
371,ASSET_D,106.1736,0.0348,0.0492,normal,-0.9047,182.0624,51.3788,24.8264,40.5557,15.6917,14.9763,42.3575,73.3079,107.7702,117.3479
372,ASSET_D,106.1086,0.0133,0.0183,normal,0.9635,157.4846,111.7118,126.8494,180.6224,194.473,177.1072,198.1074,108.5983,41.6359,46.3413
373,ASSET_A,100.3043,0.0659,0.0201,stress,0.3132,54.1854,25.8447,49.3597,43.3313,25.7601,374.5824,55.1868,130.1232,279.1128,30.019
374,ASSET_E,108.58,0.0881,0.0371,stress,0.8712,40.3657,6.7341,125.9853,63.6615,124.9445,63.6205,132.669,84.8164,329.7809,61.8239
375,ASSET_A,100.0117,0.0256,0.023,normal,0.1043,25.6966,229.4198,135.2997,10.5703,179.122,55.9437,122.4625,159.4383,179.1943,92.019
376,ASSET_B,102.2087,0.0466,0.0494,normal,-0.0616,18.0413,43.6661,54.9532,42.2596,125.0075,45.2479,22.9824,20.3523,29.8901,208.4164
377,ASSET_B,101.8534,0.0114,0.0186,normal,0.2426,159.6986,21.5369,27.6825,70.5204,49.1498,97.086,56.8246,68.9703,13.5541,71.5137
378,ASSET_D,106.0042,0.0419,0.0273,normal,0.2007,106.6036,35.2161,124.1135,60.6769,132.8295,296.9274,29.6054,31.9999,78.0887,70.4274
379,ASSET_B,102.0559,0.0307,0.0144,normal,-0.5672,37.8004,39.6254,104.8074,35.7069,275.396,124.9744,71.295,88.4005,115.6759,73.6568
380,ASSET_A,99.8609,0.0477,0.0318,normal,-0.1394,121.6114,25.2784,12.0613,27.6701,112.6698,285.0474,61.226,68.1245,108.9668,172.5333
381,ASSET_D,106.646,0.042,0.0487,normal,0.2355,27.6969,50.458,36.5719,95.5127,413.2056,81.643,142.9408,24.9801,179.5899,226.9947
382,ASSET_D,105.9384,0.0444,0.0334,stress,0.4946,86.9277,74.3089,11.5456,116.0728,198.8269,171.8698,15.6204,61.2141,44.9265,73.5145
383,ASSET_D,105.5905,0.0315,0.0436,normal,-0.0547,142.2646,51.859,71.7624,42.2861,187.6656,99.4449,158.5973,102.9342,107.0051,55.9289
384,ASSET_B,102.4779,0.0102,0.0344,normal,0.8076,50.7588,46.1687,181.3145,40.2104,68.4643,65.4585,18.2589,322.7739,59.5751,134.6483
385,ASSET_B,102.0361,0.0285,0.0327,normal,0.5175,129.2037,12.1098,74.5181,29.0279,148.6707,70.6931,190.2701,79.8555,117.1665,11.099
386,ASSET_B,102.1882,0.0783,0.0426,stress,-0.1771,112.7406,56.703,72.7872,56.0545,78.6345,116.8339,23.8746,78.2202,131.4201,187.938
387,ASSET_E,107.9846,0.0256,0.0255,normal,0.6666,60.0151,246.0376,100.3117,27.6081,87.9699,205.3925,51.8936,94.5378,35.9926,65.4661
388,ASSET_D,106.0611,0.02,0.0299,normal,-0.3616,33.1112,107.4804,72.862,140.7966,193.9958,44.5713,140.8611,80.2741,38.1786,75.2989
389,ASSET_E,108.7003,0.0336,0.0487,normal,-0.3517,40.6699,76.1781,36.4291,28.2671,66.9391,203.5213,74.1267,137.7821,55.5552,33.8129
390,ASSET_A,100.4807,0.0479,0.0348,normal,-0.3499,31.3985,33.6344,26.2696,103.5354,231.2378,32.2039,25.3312,60.6565,92.0636,76.4586
391,ASSET_A,99.8987,0.0132,0.0391,normal,-0.0476,54.8375,150.946,44.8508,6.9712,115.684,84.7244,65.7495,173.5434,33.2587,33.791
392,ASSET_E,107.7588,0.0433,0.0307,normal,-0.2029,47.5724,158.8382,173.9947,174.8973,336.0378,69.4757,139.2716,43.8151,133.4938,135.4726
393,ASSET_B,101.5164,0.0479,0.0425,normal,-0.4873,232.7883,26.977,154.0264,34.713,191.8007,34.7585,4.2912,42.9116,54.6429,22.9458
394,ASSET_E,108.1041,0.0206,0.0213,normal,-0.4519,224.9988,62.2427,64.8879,36.0599,38.0756,20.3518,37.5742,26.1925,49.876,312.1649
395,ASSET_A,100.1272,0.0263,0.0443,normal,0.6519,124.4455,10.2238,200.5616,91.3002,56.6882,9.9004,25.4125,155.953,48.5447,109.4858
396,ASSET_A,99.9067,0.0422,0.013,normal,0.8988,8.4564,54.3979,6.5993,229.0847,103.7383,58.8805,236.7248,219.1026,186.998,159.3245
397,ASSET_E,107.2194,0.0141,0.0484,normal,0.6726,35.8756,164.3705,95.5703,36.7533,108.8048,97.9551,107.84,256.7106,110.5032,24.4802
398,ASSET_E,108.0194,0.0192,0.0221,normal,0.0526,23.2189,169.5961,61.1669,71.9787,74.7685,22.3868,150.4326,204.606,86.478,49.6262
399,ASSET_C,104.1012,0.0296,0.0118,normal,0.0748,64.5911,52.0894,44.0526,251.9745,37.9579,109.5009,101.7201,45.1856,119.126,23.6596
400,ASSET_B,101.5221,0.0294,0.04,normal,-0.6179,66.9431,22.5731,27.1249,194.8062,19.8,29.769,195.5586,29.8481,64.8722,130.7158
401,ASSET_C,103.8649,0.0346,0.0473,normal,-0.755,137.2021,88.6451,78.5952,32.2666,75.0404,105.5343,152.4973,58.0306,56.2308,115.3694
402,ASSET_C,103.7486,0.0485,0.0126,normal,0.7458,20.9979,107.1612,123.673,165.1646,24.0659,71.9087,30.4285,12.3222,34.8109,151.3632
403,ASSET_E,107.9025,0.0469,0.0327,normal,0.3202,82.7227,51.9064,150.2942,249.5056,48.8812,81.8581,250.3607,117.0407,94.1852,197.0202
404,ASSET_A,99.3287,0.0371,0.0211,normal,-0.2848,80.8016,99.074,144.4383,15.4062,79.8811,12.2016,51.722,136.2618,60.7019,65.0095
405,ASSET_B,101.9924,0.0488,0.0305,normal,0.9883,17.479,110.0234,32.9006,63.4441,40.2793,132.5845,71.917,117.1604,171.2534,37.7048
406,ASSET_E,107.9305,0.0359,0.0256,normal,-0.1663,74.1998,138.4169,55.5657,41.9993,86.2634,67.7474,102.2057,43.2846,87.5351,73.8363
407,ASSET_E,108.5567,0.0592,0.0465,stress,0.4667,97.0995,63.6981,189.4012,65.5837,51.7762,36.7514,46.5818,96.3298,170.4122,110.8055
408,ASSET_D,106.1809,0.0278,0.0467,normal,-0.5637,98.0686,139.5761,89.7534,144.518,29.8839,91.3675,71.9065,67.6097,350.9963,199.6146
409,ASSET_E,107.8069,0.0402,0.0294,normal,0.646,118.5185,66.8777,83.5483,53.4721,63.9735,15.5069,16.5375,73.3815,99.9402,91.2363
410,ASSET_A,100.0268,0.0298,0.0114,normal,0.8024,11.4101,64.3419,239.389,39.1408,103.6497,78.0619,52.8924,78.7579,66.7716,102.9865
411,ASSET_D,105.7891,0.0493,0.0269,normal,0.0923,20.234,69.2487,75.458,16.9648,36.2622,97.6479,84.2292,82.1242,141.9063,40.537
412,ASSET_C,103.6891,0.0214,0.0187,normal,0.7286,94.7669,140.8238,256.6973,70.5348,66.1313,47.3461,37.9164,56.2975,248.7213,58.771
413,ASSET_E,107.7701,0.0178,0.0425,normal,-0.1934,218.8255,149.7915,54.878,52.1202,108.5704,131.7859,109.4915,97.3932,203.7869,107.9129
414,ASSET_D,105.3192,0.0466,0.0396,normal,-0.0236,193.3279,122.8457,113.3514,116.8442,189.0448,93.2508,135.4398,36.87,47.1073,31.115
415,ASSET_A,99.3003,0.0316,0.049,normal,0.1374,26.1244,239.2724,83.1208,149.6668,163.725,220.2132,79.5076,65.0597,177.8243,30.98
416,ASSET_C,104.2275,0.0328,0.0188,stress,0.5217,82.4775,69.9372,165.3805,72.249,76.5361,91.5759,63.1068,5.6755,192.6111,40.0506
417,ASSET_D,106.3173,0.0397,0.0108,normal,-0.3725,206.2533,178.3823,34.359,62.1845,119.0662,62.3627,163.9092,276.2675,243.7017,78.5688
418,ASSET_C,103.5422,0.0228,0.0433,normal,-0.4516,71.132,18.8501,137.1559,97.924,92.3878,80.922,59.5772,68.1065,36.1537,266.2267
419,ASSET_B,102.0592,0.085,0.0268,stress,-0.3063,86.9615,186.1802,24.6603,166.3465,165.3199,21.4373,15.9962,63.8001,194.0377,53.1314
420,ASSET_B,102.1212,0.0948,0.0341,stress,-0.1224,58.8059,79.4498,87.2348,33.3053,60.0062,117.6756,49.5292,92.4121,316.624,18.926
421,ASSET_A,99.9961,0.0471,0.0178,normal,0.6178,192.0412,20.431,102.6586,280.3039,160.8085,58.4806,93.5979,169.6694,352.0365,66.3363
422,ASSET_D,105.9812,0.0237,0.0172,normal,-0.2538,26.976,57.3597,43.9032,56.6913,212.2832,154.053,183.6683,65.41,72.8209,77.5588
423,ASSET_E,107.9535,0.0347,0.0134,normal,0.4193,56.209,109.6389,107.453,187.0227,58.5023,172.7728,125.6503,87.2165,261.2215,28.4846
424,ASSET_C,104.0688,0.0263,0.0104,normal,-0.6603,63.5965,50.3443,83.2752,43.3404,144.0382,115.2071,61.113,164.3278,118.4485,92.3123
425,ASSET_E,107.3975,0.022,0.028,normal,-0.3368,105.8268,244.8924,26.5065,71.357,185.642,72.8279,229.424,118.0298,53.1232,83.5353
426,ASSET_D,106.4744,0.0163,0.0393,normal,-0.9418,66.6417,284.4082,49.9081,132.3225,40.3881,48.2616,66.7606,155.4779,46.1253,239.9227
427,ASSET_D,106.2721,0.0936,0.033,stress,-0.1794,55.6254,178.7269,83.3997,77.3516,38.7099,68.8443,104.9086,141.7874,94.5306,74.02
428,ASSET_C,103.7308,0.0427,0.0116,normal,0.4044,86.8264,76.2995,32.3738,35.0073,162.7873,84.9689,19.248,67.8999,106.6835,7.9676
429,ASSET_A,100.3965,0.0499,0.0385,normal,0.9807,63.3107,201.0045,116.5598,52.2199,44.1417,14.0431,154.1267,62.6353,95.6455,91.71
430,ASSET_A,100.1778,0.0265,0.0461,normal,0.5357,48.308,62.443,129.5213,143.633,55.9262,135.4584,69.3416,79.9787,61.3301,44.2782
431,ASSET_A,100.0857,0.0506,0.0325,stress,-0.7563,79.1596,224.8748,36.4052,134.8249,207.7644,17.0165,67.3726,233.3635,35.0243,23.1811
432,ASSET_D,106.2349,0.0432,0.0282,normal,0.4956,117.1659,41.6342,53.603,162.6002,47.0696,177.9009,82.7988,75.7831,149.2851,135.2906
433,ASSET_D,105.9775,0.0179,0.0389,normal,0.7318,20.7828,115.7097,32.738,229.4092,55.1973,101.6964,65.2954,29.7259,116.712,118.0666
434,ASSET_E,107.4275,0.0458,0.0415,normal,0.1955,111.5322,18.3915,93.6549,48.7611,52.0461,5.9756,235.0995,9.8321,12.9939,80.9191
435,ASSET_C,103.9441,0.0204,0.0307,normal,0.2479,164.631,16.6472,115.3383,216.9292,130.944,96.3738,66.53,16.3088,146.6857,117.406
436,ASSET_B,102.2829,0.0804,0.0315,stress,-0.5661,86.9965,250.521,44.0512,195.6579,146.0574,360.0841,51.8451,137.6816,120.0095,147.1362
437,ASSET_A,100.3039,0.0254,0.0239,normal,0.3515,60.0448,99.8863,153.1743,40.6582,82.2527,287.1309,63.2344,19.5856,81.799,64.2063
438,ASSET_A,99.1412,0.0184,0.0378,normal,-0.4811,192.5951,46.1467,56.0125,120.0657,154.5369,62.7478,125.0848,127.1124,126.0444,93.3794
439,ASSET_C,104.0549,0.0131,0.0382,normal,0.0083,95.6355,108.0233,60.996,14.8423,221.2473,110.8755,90.6544,146.762,241.69,42.6938
440,ASSET_E,107.3903,0.0251,0.0498,normal,-0.3471,210.5657,142.7917,64.5244,39.3614,6.3954,19.9952,39.9626,59.2628,35.0497,35.0657
441,ASSET_E,107.5401,0.0221,0.0407,normal,-0.5774,184.4401,42.8778,74.9233,66.7673,86.3635,99.9184,65.5678,143.5384,117.2253,80.5993
442,ASSET_D,106.4509,0.0134,0.0362,normal,0.6411,116.3815,51.3412,98.7741,145.4963,58.8185,249.9972,59.3605,101.3554,30.5737,70.312
443,ASSET_D,105.6698,0.0293,0.0379,normal,0.006,136.5201,135.126,77.2856,22.1434,155.3086,59.1859,34.5588,47.0926,260.9463,18.7799
444,ASSET_B,102.0264,0.0344,0.0156,normal,0.5093,197.8031,166.5604,28.708,66.0243,85.5599,59.9939,85.1897,75.4479,53.8404,37.6162
445,ASSET_D,105.5222,0.0242,0.0377,normal,0.929,168.3707,87.4983,34.3449,26.3976,258.2828,159.322,57.5855,168.9163,63.5324,150.2579
446,ASSET_A,100.103,0.0173,0.0444,normal,-0.2689,148.9839,101.4482,128.2854,182.2151,50.9649,235.8888,72.5922,105.2942,132.3743,63.9594
447,ASSET_D,106.2746,0.072,0.0378,stress,0.2128,11.3501,85.6261,153.1798,43.4389,66.7542,73.2463,20.766,111.6342,52.5314,20.4199
448,ASSET_D,106.3114,0.045,0.0291,normal,-0.5254,82.9132,20.9613,34.1057,32.9878,114.1863,27.5301,10.5681,60.6399,10.5123,66.169
449,ASSET_C,104.0556,0.0375,0.0346,normal,0.0995,60.8738,122.0111,231.6843,56.6662,399.7452,106.6281,168.299,43.1933,59.0338,7.1777
450,ASSET_B,101.4079,0.0187,0.0395,normal,-0.7973,70.7805,186.594,145.4135,108.3563,11.0915,204.2835,75.7491,99.5765,250.4752,120.2412
451,ASSET_A,100.2326,0.0861,0.0144,stress,0.8503,58.4802,26.0379,24.1731,186.9071,92.9878,161.4219,135.0325,28.5164,76.6384,78.4265
452,ASSET_D,106.4818,0.0208,0.0266,normal,0.7586,36.3905,204.5532,24.8025,83.4018,14.2829,240.1209,51.8242,77.434,59.7809,67.2688
453,ASSET_C,104.0384,0.01,0.0313,normal,-0.2227,46.8904,39.7951,29.3557,326.2224,142.6593,76.2389,37.2859,26.6846,85.3081,108.8599
454,ASSET_E,108.1215,0.0202,0.0217,normal,0.6987,164.2415,74.7768,118.1419,82.083,99.1974,148.2192,31.0199,26.7298,67.1127,78.7556
455,ASSET_D,105.9556,0.0156,0.0168,normal,0.6529,24.6096,29.81,110.9065,63.5738,73.0466,14.2132,335.5967,97.5965,97.2997,215.2589
456,ASSET_E,108.0428,0.0476,0.0437,normal,0.745,158.1909,45.7061,226.3702,49.5392,41.8137,226.7805,120.6634,62.2589,36.0505,109.579
457,ASSET_D,105.8676,0.0316,0.0135,normal,0.3438,249.4484,97.4078,14.6644,46.4457,112.9889,196.5373,46.0843,135.2467,181.7293,217.1937
458,ASSET_D,106.3797,0.0237,0.0471,stress,-0.6057,77.1603,82.8361,73.5226,60.5708,6.7623,59.3448,180.4675,55.6978,212.7333,55.3581
459,ASSET_E,108.0503,0.0406,0.023,normal,-0.9625,364.2911,95.3235,68.9258,47.9929,113.7285,117.6577,49.7616,162.4743,70.5596,71.5536
460,ASSET_A,99.7228,0.0206,0.0417,stress,-0.3979,17.129,39.1659,125.1864,135.1803,79.3643,133.7472,125.1161,259.4452,179.3857,21.8331
461,ASSET_A,100.0583,0.0448,0.0236,stress,0.0336,119.3331,173.2827,9.0525,71.2654,57.4286,132.2726,117.2512,63.359,28.6961,232.0282
462,ASSET_C,104.5757,0.0357,0.0319,normal,0.4901,34.657,97.1196,40.4408,23.7753,49.4794,47.5334,154.3505,93.795,86.6126,98.7791
463,ASSET_D,106.143,0.0648,0.0116,stress,0.6032,180.9721,230.3459,38.9014,110.8968,122.8821,179.9057,264.8675,59.7328,54.1002,56.9684
464,ASSET_C,104.1358,0.0115,0.0158,normal,0.1872,37.5553,48.3471,9.1046,31.6399,32.4645,39.7821,51.1829,7.8447,50.2526,263.5008
465,ASSET_E,108.0052,0.022,0.0435,normal,0.5544,50.3479,62.5454,25.9212,61.5574,138.6874,156.6273,35.4063,262.2075,51.4069,51.2864
466,ASSET_B,101.6168,0.0272,0.0437,normal,0.4437,180.3376,255.0547,59.3036,26.0756,78.3308,22.945,73.8691,128.3205,26.3616,57.875
467,ASSET_A,99.997,0.0117,0.0168,normal,-0.0975,82.9594,216.4913,212.9761,228.5478,83.3757,121.7442,66.1687,227.422,158.8737,16.2195
468,ASSET_C,103.592,0.0292,0.0326,normal,0.1459,141.0238,176.1225,19.1258,125.9702,30.5601,119.9421,70.8853,42.963,78.1304,79.2403
469,ASSET_B,101.8736,0.015,0.0421,normal,0.4322,63.3067,111.3905,40.6393,85.3627,243.3475,56.4131,73.4482,34.2294,227.7352,120.9048
470,ASSET_B,101.8452,0.0206,0.0191,normal,0.8469,89.13,163.1861,122.189,22.902,38.409,63.0885,32.7357,24.0441,78.8244,132.3172
471,ASSET_D,106.2075,0.0466,0.0234,normal,-0.9697,110.1156,185.4694,45.1735,90.0499,51.8605,121.5142,68.5413,224.7078,177.102,30.9361
472,ASSET_E,107.9317,0.0443,0.0113,normal,0.6481,33.6234,23.2198,67.8275,53.5166,184.3576,94.6288,12.9555,128.1039,68.5589,49.0858
473,ASSET_C,103.8353,0.0429,0.023,normal,0.2127,110.24,10.2548,103.6284,57.9867,138.5885,72.8078,84.7525,138.3995,56.9244,20.1748
474,ASSET_E,107.6969,0.0301,0.0385,normal,-0.3114,62.8426,76.4908,160.2566,75.8877,74.8632,33.5918,166.6726,50.2584,38.5306,75.0403
475,ASSET_B,102.3792,0.0323,0.0291,normal,-0.2273,91.9892,94.8071,311.9956,213.1016,146.1578,83.9898,182.5547,191.9595,291.8648,39.2651
476,ASSET_A,100.1514,0.0498,0.0399,stress,-0.2067,71.2034,39.1813,69.3904,93.9345,35.8212,108.4155,103.5174,185.741,26.2058,57.7799
477,ASSET_E,108.8882,0.0884,0.0394,stress,-0.2804,174.8594,39.1978,21.6012,36.5828,154.6551,45.3398,92.1152,284.5856,81.7808,173.4376
478,ASSET_D,106.3778,0.0495,0.0443,normal,0.9616,77.9237,245.2617,94.3714,151.9644,81.403,87.6754,28.2707,26.7433,55.7006,51.8807
479,ASSET_B,102.0555,0.0496,0.0225,normal,-0.5491,67.5549,79.836,177.3117,16.6287,243.815,67.3207,24.6512,197.7443,106.8707,168.6659
480,ASSET_E,108.0103,0.0387,0.0303,stress,0.4123,176.4425,140.2731,120.2341,56.3079,41.3953,174.0526,120.0743,120.2233,69.3783,52.2926
481,ASSET_B,102.0036,0.0422,0.0114,normal,-0.7524,249.0636,10.3321,95.0878,136.3828,169.3192,38.7779,26.0528,84.2809,76.2579,34.3748
482,ASSET_D,105.7844,0.0178,0.0316,normal,0.7176,57.5759,346.9472,228.4194,37.8012,39.6123,68.2589,15.9883,74.7982,217.1684,24.3463
483,ASSET_D,106.1796,0.0189,0.0294,normal,0.4678,395.5918,23.8561,77.848,94.2084,39.9236,44.6507,41.0497,59.1641,111.827,145.7421
484,ASSET_A,99.971,0.0478,0.0241,stress,0.3275,99.632,49.6982,35.1332,23.6174,37.4018,55.3075,71.8689,123.6969,35.917,78.828
485,ASSET_A,99.7658,0.0148,0.037,normal,-0.5462,111.8723,33.3187,17.0999,56.7666,91.1101,154.7713,44.3897,61.846,47.8268,84.2511
486,ASSET_A,99.673,0.0259,0.0414,normal,-0.5723,92.7745,53.7141,146.4504,211.7671,110.2399,119.9968,14.7295,17.5743,57.5074,145.1606
487,ASSET_E,108.1769,0.0298,0.0271,normal,0.4763,106.6614,16.6318,139.8203,69.6875,104.1641,50.5101,61.7445,123.3641,151.1482,191.0119
488,ASSET_B,101.2987,0.0316,0.0309,normal,-0.1718,196.2423,222.1137,75.3252,164.5211,156.9775,108.9909,266.9326,27.396,143.8566,73.7654
489,ASSET_D,105.8868,0.0495,0.0359,normal,0.4814,35.7275,67.8492,144.161,58.9177,205.8215,348.9014,146.4751,55.0164,55.4121,149.269
490,ASSET_C,103.2931,0.0333,0.0408,normal,-0.4279,21.531,197.4702,31.6422,107.5224,156.2431,104.3954,74.7471,58.1964,111.4142,170.0166
491,ASSET_B,101.9453,0.0381,0.0464,normal,0.3548,38.2563,28.7317,33.3338,87.4867,52.4871,70.934,175.3464,114.5226,26.6666,20.18
492,ASSET_C,103.896,0.0146,0.0166,normal,0.8076,110.214,156.6061,94.4257,41.9027,238.2814,35.7267,176.0356,129.4954,41.7588,52.5272
493,ASSET_B,102.4785,0.0163,0.0428,normal,0.9604,59.3223,128.8369,125.5505,62.5026,34.2292,51.0308,76.7104,38.8138,149.0197,83.32
494,ASSET_D,106.004,0.0203,0.0151,normal,0.899,159.4047,165.3231,103.359,156.5348,51.2677,79.4966,67.8635,124.3825,37.0704,12.398
495,ASSET_C,103.5593,0.0823,0.0465,stress,0.6588,145.9123,21.0288,150.1495,115.4512,39.0009,103.3866,142.2658,98.6465,151.3199,164.1429
496,ASSET_B,102.2187,0.0432,0.0338,normal,0.4244,54.9514,63.9591,81.9462,160.7379,346.8648,53.617,94.6119,93.7548,77.9941,42.2883
497,ASSET_E,108.0632,0.0485,0.0323,normal,-0.4519,135.1134,221.1618,144.2925,12.6912,202.6299,160.0857,155.9078,31.0436,26.7167,55.7304
498,ASSET_E,108.5825,0.0386,0.026,normal,0.5543,96.7626,54.2266,47.6404,84.2877,38.9302,71.7925,82.3904,233.6176,74.3116,411.7249
499,ASSET_E,108.1495,0.0462,0.0484,normal,0.7007,91.1594,25.358,108.8072,66.4546,23.5891,19.171,117.3954,194.7429,136.7026,156.9997
500,ASSET_D,105.928,0.0173,0.0347,normal,0.9744,20.3862,201.2662,37.5898,97.4182,120.9797,189.207,69.9257,24.1462,101.9809,116.0255
501,ASSET_B,101.8072,0.054,0.0204,stress,-0.106,90.3119,48.7038,101.2456,216.7514,20.2625,129.1148,62.1378,50.003,16.6869,172.1379
502,ASSET_E,107.5143,0.0175,0.041,normal,0.9977,72.7247,82.0856,88.9885,344.0441,74.71,46.8376,36.491,209.1248,99.6881,76.0825
503,ASSET_B,102.352,0.0385,0.0156,normal,0.2822,40.8452,116.6912,59.4891,12.3143,40.3019,129.1173,79.6781,81.2474,47.3505,82.1481
504,ASSET_D,106.1137,0.0159,0.0494,normal,0.897,142.7314,81.6613,34.6375,139.7101,236.9017,37.9433,93.022,163.722,138.2113,142.6114
505,ASSET_D,106.0014,0.037,0.0149,stress,0.9624,57.5635,40.0439,95.3265,64.3822,272.2667,181.0655,68.2214,323.8328,53.7429,315.6176
506,ASSET_D,105.9995,0.0434,0.0205,normal,-0.3841,138.916,83.265,147.5441,49.7494,142.3568,61.7445,42.3143,88.3064,32.0256,51.6587
507,ASSET_E,108.0925,0.0422,0.0143,stress,0.7188,149.6239,300.3768,73.9891,128.6668,117.7384,45.319,106.7983,135.5393,191.2748,66.5608
508,ASSET_E,107.9678,0.049,0.0144,normal,0.0914,76.9202,35.7356,41.6233,46.4641,94.8179,144.0134,58.4285,112.5393,167.3045,70.7039
509,ASSET_E,107.9608,0.0286,0.0107,normal,0.4543,246.9727,97.1589,18.494,210.7397,83.2868,131.9478,327.8679,84.6709,17.2505,269.9767
510,ASSET_E,108.4148,0.0346,0.0453,normal,-0.7618,63.8682,43.0972,122.6161,158.2258,113.2952,67.9298,41.6731,117.1575,164.8541,33.5375
511,ASSET_E,108.5206,0.0259,0.0279,normal,-0.9581,41.7349,100.3632,214.0925,48.8414,226.853,60.1731,98.2977,164.3721,97.2098,21.8168
512,ASSET_E,107.9994,0.0314,0.0204,normal,0.1424,235.6739,92.1166,45.4954,100.6573,57.5505,102.3081,1.7279,93.6731,117.7607,85.4784
513,ASSET_B,102.2799,0.0134,0.0343,normal,0.1235,222.7352,90.6094,16.0705,109.6243,96.862,33.8392,183.9086,100.8495,207.6141,149.2254
514,ASSET_A,100.0185,0.0318,0.017,normal,0.5225,153.0211,73.5669,15.9813,86.2938,65.6825,108.1897,381.5063,42.8011,77.3128,28.8684
515,ASSET_B,102.3073,0.0297,0.0248,normal,0.2706,303.8945,68.3754,38.2245,53.8748,17.0959,151.2748,89.322,101.6962,20.0488,106.8514
516,ASSET_D,106.4109,0.0313,0.0377,normal,-0.7099,98.5911,48.1695,37.8918,51.2829,209.7611,27.2144,30.8616,66.0065,71.1486,40.5112
517,ASSET_C,103.9566,0.0208,0.0313,normal,-0.9205,136.3375,114.9227,38.6651,58.5366,44.5587,19.362,126.7097,29.0718,68.4293,163.4565
518,ASSET_E,107.3078,0.0255,0.0423,normal,-0.4987,67.1136,250.3804,97.6687,57.4192,179.7654,106.7029,74.4504,45.3272,107.9203,94.9002
519,ASSET_C,104.4567,0.0155,0.0474,normal,-0.453,116.1684,31.5913,101.9997,218.9931,16.4485,74.1076,59.56,136.0682,12.5737,152.1898
520,ASSET_A,100.0271,0.0256,0.0104,normal,0.1015,30.6919,90.064,198.167,91.2389,26.9408,47.7644,82.5396,101.1157,32.5248,22.8966
521,ASSET_A,99.7223,0.0286,0.028,normal,-0.148,27.6249,25.6125,17.9496,51.9908,134.9432,25.4331,46.9399,170.1156,89.1867,27.1934
522,ASSET_D,106.568,0.0987,0.0437,stress,0.3637,74.8503,44.8546,84.3383,9.4652,43.8269,52.1338,85.9847,69.4874,83.4913,94.5907
523,ASSET_B,102.3489,0.0451,0.021,normal,0.5399,51.7542,18.146,160.5829,12.7526,165.7249,141.2139,72.3961,45.6995,97.0537,37.2537
524,ASSET_A,99.9193,0.0445,0.048,normal,-0.3367,35.1415,13.0536,13.9027,18.0842,69.0349,317.3417,75.5177,58.8815,9.5773,4.4513
525,ASSET_A,99.9804,0.0459,0.0335,normal,0.6167,162.1753,232.7767,233.124,173.3248,46.5026,122.7011,86.0811,58.4053,35.7244,73.4945
526,ASSET_E,108.0415,0.0436,0.0415,normal,-0.8474,218.3426,149.1053,160.8442,127.3326,87.8562,244.9177,38.4447,33.3698,60.9989,53.5398
527,ASSET_B,102.0446,0.0276,0.0107,stress,0.8402,51.5515,130.8448,217.1984,42.7793,170.3853,18.0566,9.9643,71.5391,139.0985,85.6036
528,ASSET_A,99.9804,0.0751,0.047,stress,0.2871,244.0146,121.7494,27.8792,32.5015,60.2706,144.8108,26.6023,81.2592,39.4583,246.6385
529,ASSET_D,105.8067,0.0392,0.0111,normal,0.7933,67.2738,227.1803,3.215,112.6144,95.4551,76.6398,82.5463,48.4549,73.0226,40.0962
530,ASSET_A,99.8899,0.0251,0.0273,normal,0.5905,15.5177,30.8147,96.2988,65.4678,84.1224,19.2367,61.0095,191.6604,114.0415,251.1519
531,ASSET_B,102.1029,0.0192,0.0415,normal,0.0264,30.5956,12.6452,98.6784,7.1612,141.5251,116.0698,75.0643,214.3878,290.5996,155.8617
532,ASSET_E,107.6776,0.0213,0.0141,normal,-0.6976,66.8626,172.9591,37.4092,55.5294,92.4493,111.6494,104.2663,129.6035,28.9919,109.632
533,ASSET_C,104.5762,0.0228,0.0467,normal,0.418,96.239,261.3903,91.7879,174.643,53.036,57.7562,84.237,4.3311,76.1407,77.7993
534,ASSET_B,101.9957,0.0315,0.0478,normal,-0.1305,36.7491,57.9345,102.4279,240.2341,111.9096,36.171,89.9597,60.4118,82.2792,373.9742
535,ASSET_B,101.884,0.0934,0.0135,stress,0.2509,52.3366,80.3645,67.2233,155.7007,70.6413,88.9846,278.8397,228.0072,30.8903,75.3785
536,ASSET_E,108.1321,0.0465,0.0102,normal,-0.5965,284.4718,129.1663,40.418,125.3375,80.7983,198.4723,236.8026,256.3154,60.2487,193.5826
537,ASSET_B,101.8304,0.0453,0.0443,normal,0.9014,96.1727,206.6787,117.912,97.7193,55.0997,139.1533,125.4273,52.1822,109.0644,121.8804
538,ASSET_A,100.1792,0.0447,0.046,normal,0.7598,97.1966,11.7817,42.6636,146.4777,12.2385,85.9296,16.683,190.4499,155.0348,113.5839
539,ASSET_A,99.9946,0.0129,0.0295,normal,0.0149,110.4405,131.1971,38.2394,210.7208,113.1306,51.1006,31.0304,89.185,21.59,93.4369
540,ASSET_C,104.0917,0.0102,0.0192,normal,0.047,95.739,114.4774,202.6413,252.4977,31.9445,120.1946,81.8679,69.2626,83.697,134.7018
541,ASSET_B,101.725,0.0128,0.0339,normal,-0.0316,34.2789,20.4667,263.4733,107.3557,212.7148,52.4248,204.0924,125.1223,88.9852,56.5795
542,ASSET_B,102.051,0.0262,0.021,stress,-0.9962,187.7007,54.7487,64.8952,85.3204,90.4064,248.4232,84.2477,70.0953,65.9229,64.2138
543,ASSET_E,108.4189,0.0765,0.0397,stress,0.3903,260.7928,141.5521,27.9572,44.6578,66.7506,87.7551,52.5338,129.7733,107.2737,82.2836
544,ASSET_E,108.6579,0.0448,0.0429,normal,-0.7484,94.3624,109.6985,17.4181,257.3746,47.4034,44.8311,138.2386,125.8271,86.5258,134.8089
545,ASSET_C,103.9964,0.0282,0.0271,stress,-0.2424,63.3261,36.4221,95.5336,51.3779,149.1298,47.8044,46.1228,89.6619,17.4369,10.4321
546,ASSET_E,107.8121,0.0449,0.0292,normal,0.2884,50.628,53.2492,151.5507,30.3204,72.647,22.4798,89.9942,184.3708,61.4371,43.3856
547,ASSET_A,100.0395,0.014,0.0406,normal,-0.5917,108.5236,4.8946,228.7905,347.8335,122.4323,32.9351,145.4036,146.8187,76.8163,44.8225
548,ASSET_D,105.356,0.0746,0.0381,stress,-0.5443,95.2958,199.9683,155.7664,157.5037,71.0423,25.5261,73.0239,21.8455,13.5193,138.0524
549,ASSET_E,108.9774,0.0389,0.0419,normal,0.1176,143.7664,30.1467,119.626,49.8926,268.3129,39.52,47.7199,11.7543,109.4827,5.005
550,ASSET_E,107.9748,0.094,0.0483,stress,-0.355,235.6942,101.4234,239.8662,38.4203,63.589,48.1463,75.7668,187.4527,48.6961,140.64
551,ASSET_A,100.1454,0.023,0.0202,normal,-0.2632,85.0277,20.2579,39.5337,130.7313,98.5825,118.8413,109.6373,67.4585,3.4147,371.6368
552,ASSET_C,104.2115,0.0147,0.025,normal,0.4211,64.1563,102.2133,138.9372,272.3438,41.5554,114.3974,130.4037,19.0819,119.866,99.0001
553,ASSET_E,107.9552,0.0164,0.0402,normal,-0.6728,111.9163,20.5362,291.2521,90.8338,54.6568,42.9232,169.4543,86.904,124.2069,15.4145
554,ASSET_A,100.1668,0.0483,0.0216,normal,-0.4752,135.33,50.0742,60.4879,38.3625,47.7838,63.7397,13.3565,217.9374,41.2074,240.8258
555,ASSET_A,100.2517,0.0115,0.0198,normal,0.6385,252.1645,148.5622,140.9367,16.2853,77.9775,65.3107,77.6755,184.5103,58.3275,51.5411
556,ASSET_D,105.9748,0.0751,0.0159,stress,0.5794,34.3223,109.7047,105.1491,170.2629,83.3061,15.8877,66.1581,100.5076,25.4212,81.9753
557,ASSET_D,106.0846,0.0239,0.0364,normal,0.1531,32.2116,51.7102,254.5473,25.2358,204.128,165.828,40.9156,54.924,25.0435,81.5927
558,ASSET_E,108.1901,0.0429,0.0148,stress,0.4087,123.5516,72.4257,78.4558,46.7041,72.5579,82.8448,169.7211,91.1552,231.399,72.1137
559,ASSET_A,100.0093,0.0202,0.014,normal,0.4789,38.1117,52.3179,348.0674,113.3817,38.3858,65.1454,23.5724,75.9159,57.1741,94.1147
560,ASSET_C,104.1606,0.04,0.0255,normal,-0.4806,229.2076,243.1042,95.291,276.7283,134.0187,4.369,45.4414,140.5257,32.6585,154.0064
561,ASSET_C,103.6946,0.0978,0.0438,stress,-0.5859,58.7821,49.4266,124.2244,26.7015,114.574,193.8711,80.9781,19.6569,76.2463,97.5132
562,ASSET_E,107.6441,0.0105,0.0192,normal,0.1769,30.0341,135.3745,87.0594,22.662,190.9934,41.2168,63.4478,62.1909,10.9261,62.5504
563,ASSET_E,107.4026,0.0582,0.0302,stress,0.3727,44.823,137.2976,19.0913,113.8055,201.4476,100.8071,34.6119,115.5086,33.9167,25.2784
564,ASSET_D,106.2099,0.044,0.0302,normal,-0.821,101.7439,75.845,21.1282,144.824,55.8852,42.832,206.5639,88.9915,6.9335,213.8069
565,ASSET_B,102.9433,0.0779,0.0463,stress,-0.9025,82.8896,229.165,158.8859,176.1542,235.9279,32.6099,53.0345,412.1289,96.0535,98.9495
566,ASSET_A,100.4167,0.01,0.0414,normal,0.1521,293.3596,68.0636,171.3673,150.6753,32.8887,5.4209,88.6451,120.786,127.7297,65.8186
567,ASSET_D,105.9541,0.0466,0.0473,normal,0.2689,35.6267,12.5665,49.4468,201.5469,213.1362,284.1909,128.1039,48.0491,58.1828,157.1915
568,ASSET_A,99.9121,0.0914,0.0128,stress,-0.5808,67.1144,227.7003,28.4138,21.235,27.2237,208.5371,63.4308,117.9727,31.8657,90.5247
569,ASSET_D,106.1584,0.044,0.0159,normal,0.814,18.1095,107.4759,135.334,171.9311,385.8089,243.6275,64.5584,235.8966,109.9502,139.2581
570,ASSET_D,106.0149,0.0264,0.0465,normal,0.6524,84.1392,74.748,229.2722,107.3335,222.199,77.4417,201.7877,127.5538,70.1011,52.4726
571,ASSET_E,108.0177,0.033,0.0265,normal,-0.8527,71.599,264.0938,187.337,48.6975,25.3899,366.2028,132.3721,73.6254,110.184,78.8969
572,ASSET_C,104.093,0.0299,0.019,normal,0.5958,44.2114,37.9271,95.1825,281.8205,101.3923,34.9143,26.545,54.5293,28.9831,72.7784
573,ASSET_B,102.1488,0.042,0.0329,normal,-0.2076,114.0794,24.1985,151.1658,98.9983,88.0105,98.5708,121.2775,85.3843,20.7462,18.0386
574,ASSET_D,106.0521,0.0321,0.0299,normal,0.1283,112.3348,59.3301,67.5356,133.8405,62.6681,70.5381,358.1492,45.8307,180.2969,60.976
575,ASSET_E,107.9724,0.0465,0.0147,normal,0.8416,111.9174,6.3536,178.2612,57.8085,72.7674,112.6764,163.2522,101.5344,55.9663,76.2597
576,ASSET_C,104.1415,0.0366,0.0255,normal,-0.3152,17.7921,176.8252,167.969,59.6111,100.3734,72.533,42.622,60.578,114.834,304.6283
577,ASSET_B,101.8758,0.0201,0.0106,normal,-0.113,45.9479,52.2284,116.991,59.6607,90.2743,106.5034,35.6831,102.5638,23.5822,248.0365
578,ASSET_B,102.1516,0.0409,0.0321,normal,-0.2967,110.2304,68.6404,23.6588,94.0325,66.3113,22.5355,98.198,80.1352,79.3474,30.5045
579,ASSET_A,99.7879,0.0214,0.0444,normal,-0.8089,74.5821,83.0224,30.6904,23.6129,69.2758,68.4731,10.7119,61.6066,55.0419,189.4344
580,ASSET_E,107.5756,0.0759,0.026,stress,0.2309,32.8831,30.2493,143.7817,66.35,61.3289,33.7446,60.3857,214.6248,158.3219,64.9045
581,ASSET_A,100.297,0.0484,0.0304,normal,-0.9227,62.2878,218.9215,267.0187,252.9726,50.0013,78.8386,96.0274,57.3419,49.6301,115.6081
582,ASSET_A,99.8072,0.0412,0.035,stress,-0.4533,144.3312,112.4616,164.9054,99.2588,55.6688,7.9808,219.2046,84.3998,57.3505,92.8608
583,ASSET_A,99.4131,0.0228,0.0283,normal,0.8646,244.8096,77.4721,57.7212,72.4865,152.4823,97.5009,113.7362,312.7246,94.2594,108.6221
584,ASSET_D,106.2217,0.0928,0.0226,stress,0.8898,124.5621,196.7145,12.8247,181.0823,46.5261,46.4934,10.1909,86.7319,128.2543,27.0812
585,ASSET_B,102.0987,0.05,0.0135,normal,-0.331,3.2556,113.1352,304.0434,192.2691,134.7257,142.5362,17.491,176.4133,278.9498,128.313
586,ASSET_B,101.9847,0.0347,0.013,normal,0.813,41.8442,341.3496,6.9999,93.1747,69.3974,121.9896,62.7172,30.1702,62.4574,42.7643
587,ASSET_B,102.2931,0.0988,0.0462,stress,-0.3719,65.1897,43.7902,114.7257,91.2474,249.5974,27.7174,53.5657,268.5832,56.4773,104.8419
588,ASSET_D,105.6151,0.0139,0.0143,normal,0.574,186.3392,77.688,70.6372,72.1276,94.9676,58.3808,41.0789,20.9592,12.1,102.1266
589,ASSET_E,108.1503,0.0213,0.0128,normal,-0.7542,40.3858,84.2521,124.8691,149.3177,41.4937,13.5043,131.0455,87.8593,71.6036,45.2414
590,ASSET_B,100.9629,0.0359,0.039,normal,0.9667,39.9121,22.8575,34.3157,189.6926,4.042,517.9066,178.0548,82.0403,85.2763,339.9832
591,ASSET_D,105.8132,0.0601,0.0307,stress,0.5734,34.9259,28.3448,21.7965,24.5049,78.9224,26.1321,3.4422,119.6383,32.5237,25.1272
592,ASSET_B,101.9442,0.0346,0.0281,normal,0.463,3.7405,75.7219,29.253,44.815,76.2605,34.6206,106.9962,73.3856,87.7765,152.056
593,ASSET_A,99.9525,0.047,0.0142,normal,0.6069,192.073,59.1854,68.2044,42.7912,200.4632,101.8069,154.9512,33.0182,53.3638,118.6318
594,ASSET_D,105.7808,0.016,0.0303,normal,0.7001,163.4902,31.5573,17.1516,7.2186,87.7993,160.8359,59.8252,37.4265,16.8261,76.2498
595,ASSET_D,105.6541,0.072,0.03,stress,0.4135,11.4527,120.6501,193.3035,312.5991,164.6698,101.0737,104.4006,8.6778,64.9948,55.6438
596,ASSET_D,106.2073,0.0461,0.0209,normal,-0.9521,107.7199,63.5119,103.2361,38.1148,17.5342,8.4159,11.8433,154.5817,40.0433,111.9328
597,ASSET_B,102.1672,0.0182,0.0404,normal,-0.2377,77.9561,10.4721,61.888,121.1876,115.1461,61.4956,220.5402,63.9336,242.4421,50.5415
598,ASSET_E,107.9965,0.0436,0.0162,normal,0.6851,33.3591,90.3353,204.4525,262.3746,65.8977,89.0814,88.1795,78.6005,119.2035,195.7398
599,ASSET_C,103.5942,0.0211,0.0354,normal,0.9367,102.7772,156.9448,68.2547,35.4794,198.8,85.1944,9.8735,294.6012,105.4421,132.6477
